user_id	name	surname	birth_date	debt
1b9fa2b0-5c51-49b3-b69c-b61de896c1f4	Egor	Prudnikov	2012-04-21	7049
d567e797-8bd6-4dec-823f-fac13ad5f217	Dima	Kostin	2015-02-08	
556e4b12-ba12-4cc8-86cc-2f01108b751e	Andrew	Kostin	2002-11-20	51715
a51197c3-90e9-4414-b2b9-c2325adf9ad8	Danil	Eremenko	2005-10-24	31311
6e60099f-1ab9-4e42-985f-19a3e7fff292	Andrew	Eremenko	2026-09-08	
ce1b89d9-7fad-49bc-a0e5-9330423afbd0	Dima	Kostin	2017-08-03	
628073a3-6b85-4248-a54e-c8e4bf3bddd8	Andrew	Kostin	2015-02-07	
88ad6d2a-ac07-4cf6-a647-a44b5f6818aa	Danil	Kostin	2012-02-26	
207b5ccd-e812-4905-b7bc-7edb4a850c9a	Danil	Eremenko	2016-03-31	23184
c7a87217-c9ed-4b1b-ad4f-0fd1d9dc035a	Egor	Prudnikov	2024-12-21	20198
7b0b8ec3-3e8b-4633-8e34-11858ecd8e42	Dima	Kostin	2027-09-24	
3627c187-414a-4891-9b97-19fbfebdbcec	Danil	Eremenko	2015-08-16	
5d7d9e3c-bfb5-4b0a-a4d5-27d1f511cc51	Danil	Prudnikov	2004-11-09	55017
03a5b608-4c0c-4b26-8b4f-54f8a4606695	Egor	Prudnikov	2007-05-11	11880
46b62c5a-03b7-4790-8fde-52bd0d82a3eb	Egor	Kostin	2009-12-13	37268
6bd0440d-10f8-4463-b687-d5b9ad247d72	Dima	Eremenko	2013-01-15	13359
17b60513-f111-42c8-9e0b-627f279fa6c8	Andrew	Eremenko	2020-11-27	
9a366e91-a693-4ec5-8872-ab582fc29e12	Dima	Lyadskiy	2021-04-14	
8185c41a-31eb-44d5-a275-7052ca0a1923	Egor	Lyadskiy	2026-07-23	18
5fe5c08b-3e09-43f4-8c10-c819ca9ac31d	Danil	Eremenko	2004-05-03	13647
cad0b178-b068-4ed7-8029-3ef6911e9115	Dima	Eremenko	2017-08-13	
793c1342-6b71-4c1b-a9b4-346c7f255d56	Andrew	Lyadskiy	2005-03-19	
0638aa31-c53c-4922-b54a-080b7e2ae830	Dima	Lyadskiy	2029-10-26	28365
6f36ffef-2ed2-4e77-b113-6d0d0d48bc3b	Dima	Prudnikov	2014-03-14	794
076fd957-e1ed-442d-9809-12294bc28078	Andrew	Prudnikov	2018-02-28	
48376c45-6024-4337-8de1-30b59ef7383f	Andrew	Lyadskiy	2029-01-17	
e6a4486e-666c-48dd-bbf8-27323676ce79	Danil	Lyadskiy	2015-06-01	21495
59c5ffd3-8118-4f3e-80e9-db0b357a6268	Andrew	Eremenko	2026-07-31	49005
5eaef532-e23f-4639-8013-42aa25f01faa	Dima	Prudnikov	2021-03-04	
8ebb4992-f91e-4f84-bef7-ebb2b437c503	Dima	Prudnikov	2008-07-18	37084
9620171f-8e5e-49f1-a4fd-ff8bfdf6cc0f	Dima	Eremenko	2012-08-15	
ffb0e135-cfc7-4a2b-b1e9-ec15f6fcd5e0	Egor	Eremenko	2024-05-20	3004
13e17a99-353d-4d48-881b-a6f6891cece4	Danil	Lyadskiy	2007-05-30	18278
76f2dcd8-40b6-48c6-a6c6-cc1b58a3c996	Egor	Eremenko	2005-02-13	
4c81a532-bf81-4ef1-8cda-36396832fee3	Dima	Kostin	2025-01-15	
4a9fe67b-ea21-4317-8140-7708224e96e6	Dima	Eremenko	2013-03-02	8040
d6396018-319a-4628-a3bc-8ce2b862d0dc	Danil	Eremenko	2022-12-04	47960
d472905c-727f-4559-9b4d-bc0fb5120966	Andrew	Prudnikov	2002-01-24	52743
1a64717e-9798-489c-8a55-be5251a568b4	Dima	Kostin	2026-11-22	49281
c4189fcb-cded-4605-959d-673785a59f27	Danil	Prudnikov	2016-11-07	18742
7be155d6-f678-419a-9db8-2a234d845209	Dima	Prudnikov	2003-08-06	26646
d201a299-dc24-4e5f-af67-b4ceda14ac5d	Egor	Prudnikov	2003-06-19	26670
f50ff5c7-2483-4c75-a13f-bb5d4ff3aba2	Dima	Prudnikov	2013-05-23	48722
e3543e90-2ecb-4402-b40e-986d88b2605d	Danil	Eremenko	2017-02-14	
67d23b38-b4e3-43ae-bb0a-a14a651165dd	Egor	Kostin	2025-11-21	6958
f37c580b-527a-4222-9d68-865abf817726	Danil	Kostin	2011-02-01	23980
08e78568-7fa0-4989-8ba3-ec6d9bae5dbc	Andrew	Kostin	2033-04-18	56969
ca059b35-d022-40e6-98e3-034746d72905	Egor	Lyadskiy	2026-02-14	44586
dcbace22-e13f-4c34-9adc-13d7156b3de1	Danil	Lyadskiy	2014-06-15	
2399b38d-10e4-48f2-8ff2-308ff8834eca	Egor	Prudnikov	2004-10-24	42934
bbefdef1-5e41-4735-a399-1a5cfb52aa7a	Danil	Lyadskiy	2013-04-29	
ba151e0f-0ca1-4704-b081-ed4af220f3e4	Danil	Prudnikov	2013-09-06	3391
696aee61-c300-48f5-bfad-7f086b5d22f2	Dima	Lyadskiy	2017-04-10	
af8c9a58-14db-4a2e-b2fd-e76a8f046ec3	Andrew	Lyadskiy	2020-04-20	
2055d4d3-809a-49f7-9141-559f49d96ca8	Danil	Lyadskiy	2005-12-11	
b4d1dd8a-4a89-4263-8947-bdb25279bdd2	Dima	Kostin	2003-01-17	42230
7254a6d5-7cca-4b63-b2fe-a0c5b01fa958	Dima	Eremenko	2005-06-08	25995
292278dd-fd8d-47b3-a81d-56a9d5ba4ca3	Andrew	Kostin	2002-11-03	44498
a374b9a3-b8b6-432a-be13-b60fe35cda9f	Andrew	Lyadskiy	2023-06-06	
139f12d4-43cf-4ad7-9dd4-cf2f1a91dcf8	Dima	Lyadskiy	2032-04-01	62430
838c6777-0353-4e6c-8c2a-c820ede5b293	Egor	Eremenko	2032-10-24	64286
0a891915-e064-4c71-9b1a-12d4797b0bf4	Danil	Lyadskiy	2012-09-09	
3635d77d-3c34-4d97-a64a-a42e4ff8d5cd	Egor	Eremenko	2016-11-19	
a300f397-7e4d-46a6-99f5-87f1d2e26dd9	Andrew	Prudnikov	2017-09-02	
df44227a-a1af-4c2d-ac79-f1b8d4946f17	Dima	Eremenko	2003-08-05	5954
cadd8dcb-8d89-48ad-83af-2117efc7f520	Dima	Eremenko	2026-02-19	
50ff6de1-699d-4787-8e0f-7801c821786b	Danil	Prudnikov	2027-01-14	26594
b8d2519e-58ad-4dcd-8248-b77d0c0c1437	Andrew	Lyadskiy	2029-11-07	49644
4169a2ea-cd10-4a7d-936c-11a0eb686c28	Andrew	Eremenko	2004-08-16	
d41dbc48-0ad5-439e-b58e-9451e33a105b	Danil	Eremenko	2032-03-04	
326245b5-145e-4b9b-a150-020030f7b390	Andrew	Kostin	2011-06-24	37132
2171d78c-88f0-41dd-a294-d642c17d30b3	Danil	Lyadskiy	2027-10-16	31009
4a549b8b-1041-4b72-89f0-4df923c0268d	Danil	Prudnikov	2018-09-27	
495e3040-062c-4578-a907-17ea4923c410	Danil	Lyadskiy	2015-05-24	20943
313f2659-7c27-4d0d-87f7-51358fbf20e7	Dima	Kostin	2023-08-11	
7aaf939c-0fbc-44dc-87aa-0e4085d413fe	Andrew	Lyadskiy	2015-04-15	8949
7d054c46-56da-4819-9e8e-dcafd6f59262	Andrew	Lyadskiy	2029-08-30	30624
ef7d1ca5-b32f-44ee-92a3-edf9405b743c	Egor	Kostin	2009-12-25	54141
490d6edb-d179-4b89-a7f5-aaddba947b38	Andrew	Eremenko	2011-09-28	18247
3f253146-aa5d-4ffa-8898-abd2d99a3e32	Danil	Prudnikov	2015-11-28	
fda4e6ba-42f6-4914-8eaf-0055e9aa7bb6	Dima	Prudnikov	2019-05-19	
d0ddbdbe-702a-4314-a0c4-897163894f71	Andrew	Prudnikov	2003-09-29	
b23dabb5-7aaf-49ac-b4da-21f92fbc1107	Egor	Kostin	2022-07-03	
a94ff1ce-3215-49df-8ee2-4e250acbfad2	Egor	Prudnikov	2025-03-08	53207
92c229ed-bfbd-4f6a-b4cb-46f7f050043d	Andrew	Eremenko	2012-06-15	62574
6081ac6c-59a8-4770-b578-e9ea5916d139	Andrew	Kostin	2018-11-21	24000
ebd7000d-bc34-4245-ab0e-6004bbe99984	Danil	Eremenko	2009-12-09	48814
8a7abf04-cbea-46cd-9f24-6b3ad3f345bb	Andrew	Eremenko	2017-05-01	60643
4df47c5e-608c-4668-9b4f-e5554f268403	Andrew	Eremenko	2013-03-22	
418b1d77-776c-4765-b5cc-2609288d029a	Danil	Prudnikov	2029-06-16	
7d81aa81-51c9-489c-bc25-733b51477388	Dima	Kostin	2006-11-01	36914
20933ef0-8f6c-42da-82a2-22e0a6860ce2	Danil	Eremenko	2008-02-03	
abec281e-036c-44ea-a226-0d134928907d	Egor	Lyadskiy	2021-07-22	
47311c0d-d67a-4e41-8a3b-0ec23b1562ca	Egor	Eremenko	2025-05-23	
b6c122d0-4d2c-491f-8016-73ccce878eeb	Egor	Kostin	2022-03-30	
fcb7e1db-356b-4631-8817-61a7e2562222	Danil	Prudnikov	2008-11-29	
f241bf76-a9f1-472c-b5c4-a065dcb8cd64	Egor	Kostin	2016-11-18	
cd4f1ad5-f015-4be6-ad62-235f63f97f54	Dima	Lyadskiy	2028-01-04	
8e89627a-3336-4f69-93cb-800df2a0147c	Dima	Eremenko	2025-01-15	
34f4efcd-8c3f-458c-b238-bbc8637a0111	Andrew	Lyadskiy	2007-08-05	
1d526a9f-5bf7-4d4e-b6c6-0e14b9546717	Andrew	Prudnikov	2020-08-25	
31a0d465-9375-4bee-b28a-72f4ac17d673	Andrew	Eremenko	2024-01-31	
9a9db987-0226-42b8-bd2b-2725feff792e	Danil	Kostin	2020-06-13	46314
50ade779-0b61-4e01-bc4b-88e84ffc97d4	Danil	Kostin	2020-01-26	36705
fe878e5d-8038-4100-bd25-a9b0287174c5	Danil	Lyadskiy	2021-07-08	
4faf9d05-3940-47eb-b534-981986573b59	Andrew	Kostin	2009-08-24	
9d86c23b-41b9-4b53-a75d-59388ea79689	Andrew	Prudnikov	2021-05-06	
6ff5d6a3-4d9b-4e6d-a70f-7fa0faf1a768	Egor	Eremenko	2009-01-31	48755
8fc7b845-e4ed-4875-b5c2-1c80be687477	Danil	Prudnikov	2006-03-20	32347
59d0a1bb-9c8c-43ec-8eb7-ec3260bb676f	Dima	Lyadskiy	2006-11-23	
552db104-b3e3-4d88-a873-bcb9e4b8e075	Danil	Eremenko	2016-09-17	63889
6816e648-11dd-4203-86cd-6c24ed88e4ab	Egor	Lyadskiy	2021-01-06	34820
6eb6fa22-1563-424b-b99b-a50f5c5c04a8	Egor	Lyadskiy	2007-01-09	
de250184-1ab5-4844-83c9-f1588bfc1470	Dima	Lyadskiy	2032-05-23	
a14c18d0-43d5-4d9e-87cc-f409c5d4a266	Danil	Lyadskiy	2031-11-11	32700
0b6dfd65-4072-42be-826c-5163dc8c8088	Dima	Kostin	2028-07-29	
815df7a1-c76c-4533-adaa-6a1518fb87d4	Egor	Eremenko	2030-09-27	
fafb7697-b2b6-4091-961d-341cade0d965	Andrew	Lyadskiy	2029-01-13	55674
4ccf4e25-23bd-4572-b985-1dbd3e523557	Dima	Lyadskiy	2015-07-09	
bd084d38-54f1-4c48-9224-a3f61ac50707	Andrew	Prudnikov	2029-12-13	
42bf3a0a-1f3f-4f03-9305-82da0e22482b	Danil	Eremenko	2003-12-31	
825c1c86-91f5-4283-9ea8-1ce8db18bdcf	Danil	Prudnikov	2011-02-01	
045236e2-8285-4935-94b1-a2ce8e33747f	Dima	Prudnikov	2018-07-23	42672
4512b441-9960-40a0-8204-04d33a34d3f0	Egor	Prudnikov	2028-12-12	19519
c389f580-45ae-482d-ab34-4d0c8e44ccb4	Danil	Eremenko	2025-06-30	55197
96fa118c-7829-4cdc-988f-31d89024eefe	Danil	Prudnikov	2027-06-01	
23ce90f0-18fb-4dc8-b231-68335ce92383	Egor	Kostin	2006-12-12	54537
824fa578-063f-43b5-8839-218009dd438f	Andrew	Kostin	2014-03-06	
80713570-c9dd-4006-a9a3-4782c02973dd	Andrew	Eremenko	2017-10-14	50433
c53d3920-d341-4ed5-9581-10fb0cbdda08	Danil	Kostin	2013-08-25	49240
36ea4ac8-1aac-4bd6-80f3-ac64941dedbc	Andrew	Eremenko	2013-06-25	
15ae31de-1180-4529-9493-99c4281e7bbd	Danil	Prudnikov	2015-10-04	24432
16d0fc62-be87-4585-bb27-6ff93874bdae	Andrew	Eremenko	2011-05-31	
1b513c23-32f3-49cf-ae63-52b5fb1f2d6f	Danil	Eremenko	2005-10-21	47121
d8c1a3dc-b235-4c58-9556-d59ca8960916	Dima	Eremenko	2016-12-27	
fca505bf-4fdd-45bf-b8ef-2851b57154fe	Danil	Eremenko	2014-08-30	15974
7d51b92a-c4c6-42be-a8dc-89cc9432e0ab	Dima	Prudnikov	2003-09-15	
54eb0381-be33-4230-baef-dfddd8bb95f5	Egor	Lyadskiy	2027-08-19	31336
89d870e0-08de-40ee-a874-0d2a82e9db0d	Andrew	Lyadskiy	2009-12-18	
7deb7760-7550-4d9e-b1da-c81945a0f9b6	Egor	Eremenko	2006-07-14	
eab74d38-fba5-4ded-8fec-31c95db36101	Egor	Prudnikov	2003-06-25	13722
e1b9b08d-c8e5-4c89-a8b6-ac53b71b68c1	Egor	Prudnikov	2004-12-09	
7419b098-ee95-4e2a-8e87-9e27a62d9393	Egor	Prudnikov	2014-03-10	
301bf2f9-09b9-4efc-90bd-49500d2cd51c	Andrew	Lyadskiy	2007-06-16	
5790cbfb-2f4a-4530-ad9f-af0a4fc833ed	Andrew	Kostin	2022-03-17	19404
b81a76c9-1ebf-4117-a7df-3242fc54a1e0	Dima	Eremenko	2014-04-17	
a57903f2-56cd-4308-9c55-6b5f1b9e973f	Dima	Lyadskiy	2027-09-19	
70b1b4b4-b2ac-4240-8329-0d2d7f223430	Egor	Eremenko	2023-04-25	62029
456e79dc-ca12-4af4-940d-c028c64ff643	Danil	Prudnikov	2029-03-05	
98252e47-5f6c-4264-b47d-f73989b3a6e5	Dima	Lyadskiy	2008-06-03	29399
76ad9396-a96a-47c3-8647-4d8bdcfb5020	Andrew	Prudnikov	2012-06-29	
62ba79f6-f81d-424e-8da5-663f2e37fe04	Egor	Kostin	2006-10-09	
400cb818-7c3d-45fa-854a-4458e43beff5	Danil	Lyadskiy	2004-03-31	60674
7f69aaf5-9446-4c96-912f-b60a3f443926	Andrew	Eremenko	2008-01-14	
526f6469-f690-41c8-b416-09f3c8afe73b	Andrew	Eremenko	2020-12-06	45597
66c9f6bd-6c85-471f-96a2-004a4b67f8a6	Egor	Eremenko	2032-06-19	
ee4b8ad9-9484-4d9c-9a44-8f73171e5a53	Danil	Lyadskiy	2007-12-24	
4682a897-ea9e-4b92-b963-80078d4722b8	Andrew	Kostin	2016-12-25	
b4a93c7d-efc9-462c-9d95-7e20952d8c09	Egor	Lyadskiy	2005-05-22	61503
36f50af7-1c70-424f-922c-d3cbe7d73bc8	Andrew	Eremenko	2020-12-06	
ecdf54d7-1b47-437f-991d-9884c8fd043a	Danil	Eremenko	2016-07-05	32578
dcdd46aa-2adf-490f-aa1b-95a89176d90d	Danil	Kostin	2008-05-04	
2ff1982d-ff52-41fa-bea6-0b5c2e22aace	Egor	Eremenko	2009-07-23	
e57823f0-1ca3-4721-a2fa-f8eb4605893e	Danil	Kostin	2025-07-17	43221
79da8b7c-293c-416e-bf17-7dab1a798f56	Andrew	Prudnikov	2031-09-01	
5d42ee2f-6f62-405f-835e-bca1925cdfe9	Andrew	Prudnikov	2031-05-07	
b86e3f5d-df73-4f1d-9e21-8e8051c635ab	Danil	Prudnikov	2023-11-18	
5023584e-a166-4e8f-8648-e46b7e50b3c4	Dima	Prudnikov	2032-07-24	
90e371fd-cefc-48b9-93a9-d6757ad1828c	Danil	Kostin	2033-02-11	
414f2666-ba3b-4898-b32f-6df3821d1ec0	Egor	Kostin	2029-02-08	
5514ec67-cf5d-4f14-9d21-aba26d2cbc9a	Egor	Prudnikov	2029-09-24	
dc4aa487-a8ed-4a28-9ed6-68bafddc2d53	Danil	Eremenko	2027-09-27	64040
5847d42a-2d6d-47a1-9bc3-f700e6d657ef	Dima	Lyadskiy	2008-12-13	55636
3dae3767-360e-493b-8591-f6367dc3730c	Andrew	Eremenko	2031-03-11	
a239ae67-4c1e-4486-b4d8-70de448b5f41	Egor	Kostin	2026-01-17	
eceacb4a-2d9e-44aa-86a1-3160b9d734c4	Danil	Prudnikov	2031-11-11	
acebee58-9754-496c-a03b-34457f7ebf85	Andrew	Eremenko	2017-03-18	
72b399fa-f7c7-4a11-a365-fe0c304eeff6	Dima	Eremenko	2011-12-19	18711
e5dc727e-9c90-4ed4-b407-fca4f6a9243d	Danil	Lyadskiy	2021-06-06	
e3226f1c-732e-447b-b014-4d84aac8aa55	Danil	Lyadskiy	2023-01-20	
5a3485f7-1141-4da2-ac14-b30560049c53	Dima	Lyadskiy	2011-08-17	19712
5ee23cde-4025-4945-9ece-bf956e8b28f7	Danil	Kostin	2021-12-11	
5dfeefda-90c1-4800-9ee6-4d6831630027	Egor	Kostin	2025-10-06	
c3f8eeb4-7fe0-4a9c-a3fd-46c7cdddcd61	Dima	Prudnikov	2020-03-31	
941d716e-b83c-47b9-8ec0-a44916c3d5ff	Danil	Prudnikov	2001-11-15	
6e3e7acf-4085-441f-8fc8-d28f73380a6c	Danil	Prudnikov	2008-04-21	
83194dee-909e-451e-8211-646159862a11	Danil	Eremenko	2010-03-04	
95e35ce4-e4ee-4a1f-81ed-5e35c2f67c72	Dima	Prudnikov	2023-11-17	61215
45144083-519d-42e9-af7b-2fb3fc6d2bdf	Dima	Prudnikov	2023-08-09	12210
bea4d9c0-a728-4a3a-ba47-09f97856045a	Andrew	Lyadskiy	2027-04-15	17610
77f4a370-89d7-402c-bc5a-bed1604ee9cc	Egor	Prudnikov	2029-10-28	43127
44ad9ad8-0375-4d52-8d29-9f78e7ff0649	Danil	Prudnikov	2015-08-25	
a87d0778-e792-45a2-9acc-bb6ccc7c332c	Dima	Prudnikov	2027-07-21	
cbab6cda-4fd5-442b-ac91-564007331f13	Egor	Lyadskiy	2021-06-25	50563
af0dcd7c-f540-403f-9868-0b262750ff8e	Dima	Kostin	2014-07-28	
801e30a0-0f62-48f7-9d6c-c750fe1879a3	Dima	Prudnikov	2028-12-23	19894
9a6523e3-4587-47c6-b46e-e1d38afa1d47	Danil	Kostin	2017-05-31	
13c1a61d-12b6-442d-8627-08bf1ee643b4	Danil	Prudnikov	2029-05-17	
0a5761e0-e077-40b6-9600-38837b4e499f	Andrew	Lyadskiy	2020-12-03	2063
c6668cbd-88a5-4e95-8a15-3fbea79f6dcb	Egor	Kostin	2021-05-21	
bab9c3d2-c620-4ea4-a72e-64127a8d0fac	Egor	Lyadskiy	2003-08-05	9596
1e9dcf8c-cb58-4eed-9ba2-83ff0915ea9f	Danil	Lyadskiy	2001-10-31	10675
e8321dd2-aa49-4925-9496-3bcb65f4e010	Dima	Kostin	2026-02-25	18669
337d651f-82b0-4841-8d20-ce82a4a15f50	Andrew	Eremenko	2018-02-27	56222
1092f559-e254-484c-a3eb-b2f1875b5013	Egor	Eremenko	2032-11-18	
04f2b5a8-b9d7-4ad2-a6ab-e725866002ff	Danil	Kostin	2005-02-11	
cfecbb5b-2998-4507-bd82-79e60706fea6	Dima	Eremenko	2031-07-15	33786
cc1d2629-955c-4a07-9d78-6802e9b2b05b	Danil	Eremenko	2014-04-30	48907
ea628d26-6c2e-43e6-9373-c095210904bc	Dima	Eremenko	2005-07-28	
172bcc50-71f7-4f63-9729-1022723dd02b	Andrew	Prudnikov	2004-08-11	
d4f793b5-f233-4cd0-bfd2-cdd4e4477bad	Dima	Kostin	2015-01-27	
f5feb938-c4d3-4c79-82fc-c0dd3adfda99	Dima	Eremenko	2018-02-01	9073
50552333-fec2-4a72-bdba-78ae727a64ed	Dima	Lyadskiy	2005-06-08	4807
0cf78eae-f3c9-4604-a4a5-f77119dde12e	Dima	Lyadskiy	2005-04-17	
ef49a285-f7f4-4e9c-afa7-c1c138e32246	Dima	Prudnikov	2011-09-06	39
83ab598a-b96a-40f0-8c6e-db7533bf934b	Dima	Kostin	2028-02-10	5029
908e6bc4-2e72-4115-aac9-7eec9a4e9355	Danil	Prudnikov	2028-10-31	63937
4609172b-0e8e-4fea-bb8b-c33c7b5315a9	Andrew	Prudnikov	2026-05-04	54665
b7e8788b-107e-4d73-8dda-6db335f6737f	Egor	Kostin	2032-01-03	
07bff656-8d16-4a17-8824-69648a874a66	Andrew	Prudnikov	2012-02-02	
2bfaff01-56e0-459c-b2b4-1eac377e79e6	Andrew	Kostin	2031-07-01	
b47a23f8-8e12-41ec-91ee-3bf15f76de25	Danil	Prudnikov	2021-07-02	
c254bcf1-399e-498a-b2cd-47e12f358f2b	Dima	Lyadskiy	2025-06-08	
6e0d9002-ee54-4694-ac5f-a989edca053f	Dima	Kostin	2002-08-04	
cac40600-e1e8-44f1-85b2-8841ebf9f142	Danil	Prudnikov	2007-01-18	
d7f4f9ad-0d34-42b9-96ce-a67a74eae668	Danil	Prudnikov	2031-04-06	42264
c3d3ed5d-5c56-4c60-9323-ba1e82c5e8e8	Dima	Lyadskiy	2029-07-29	
92a01392-2263-4bc1-861d-5db206934e88	Dima	Lyadskiy	2007-12-26	61266
858e9775-e92d-44fb-a614-68a88b35350b	Dima	Kostin	2004-03-24	44075
7c55c33d-5a9a-4f2b-8a54-fc7f77552905	Egor	Lyadskiy	2019-07-06	3798
f4ea7153-1066-4652-90ae-04894a7a9eeb	Dima	Prudnikov	2021-01-23	58799
915d5b60-94b5-460a-80f0-69a886f4cef5	Egor	Kostin	2018-11-25	20811
52985e98-1dbb-45cc-bfee-8a1af3a2e3e5	Dima	Prudnikov	2005-08-12	25429
59376e7e-e91a-4a87-a3fb-8f70e1b96b3e	Dima	Prudnikov	2016-10-11	58632
88904f22-f927-4b5c-810d-261a63929477	Dima	Kostin	2016-03-25	62547
24a6de33-888a-403c-932e-2e0f329e46f4	Andrew	Prudnikov	2019-11-15	
a6838dd3-89d3-44ac-ba3a-aa70f5da54aa	Egor	Lyadskiy	2025-01-06	19228
23d3854f-12bc-43f3-a1b3-25e62bbac11c	Dima	Lyadskiy	2030-12-16	
024e0a04-96ad-40f2-9b90-5b3e59189b2b	Andrew	Kostin	2030-01-17	53579
1bab9d47-9e6e-4c24-b3cc-29653c20407b	Danil	Lyadskiy	2027-08-02	
5f9274ab-b037-4fc4-9f71-1e3bf7b9baa7	Egor	Kostin	2032-09-10	24873
12b062d7-4c79-4b85-a1f7-e78e512c130a	Danil	Prudnikov	2017-07-16	
16a1366c-c4e9-4524-8aba-a3669f4e2267	Danil	Lyadskiy	2006-06-17	
b37787c1-7c9a-4514-bddb-7ba7266c1f14	Andrew	Kostin	2008-04-29	
2bafc35d-2c53-4da1-bf86-b6d1f57fb22f	Dima	Prudnikov	2026-12-10	53140
e80a3e2e-0026-4c5b-b8ca-724e3b5a5f2c	Egor	Prudnikov	2018-11-12	64922
83feef0d-ff5d-4707-8569-2e924acd978d	Dima	Kostin	2025-08-14	
e3a0efc4-4f5e-4d79-b50b-b8db3ce4943e	Danil	Kostin	2017-08-17	
183c779f-571c-4926-8d91-457249fb0377	Dima	Lyadskiy	2032-09-29	4439
12b6157b-ac5a-4c7c-9f80-a34b00185d9e	Danil	Eremenko	2010-02-16	41792
fed61e85-172f-43ad-92dd-3c615d146613	Danil	Kostin	2031-05-27	21397
a5113471-b096-4e4b-9191-999c84074c95	Egor	Lyadskiy	2012-08-26	48065
90710999-cafa-4066-863b-8fad555d0b39	Egor	Kostin	2031-06-18	
cd6f7361-b1f7-40f8-b8af-b4c566cb9ae4	Danil	Kostin	2010-10-07	
fc15b4cf-9d11-4424-b902-a6b746147def	Egor	Eremenko	2026-10-23	29607
1d623a92-e53a-413a-b05b-54ceadcec622	Andrew	Kostin	2016-04-24	
04156585-6a49-4162-b63a-6186a6fb23f6	Egor	Prudnikov	2021-06-12	
a452e4a5-432d-4722-83a4-8722ceb47b12	Dima	Eremenko	2008-02-09	58688
6e0fd6ef-1ab6-4534-b7b0-bfc33c2b20d2	Dima	Lyadskiy	2013-04-29	48310
96c1851e-baf2-4f40-b198-12d2aa41e3c0	Dima	Kostin	2007-01-01	30725
fad5d8b7-877f-4753-9e81-0930515f84b9	Egor	Lyadskiy	2012-08-24	34437
d6d30674-29ad-451a-8fe3-1225893429f2	Egor	Prudnikov	2009-04-28	
6db4ecca-a863-4b0b-9902-824810b7bed9	Andrew	Eremenko	2014-04-06	54410
102620e4-a88a-413c-8183-82b802f21590	Andrew	Eremenko	2002-06-20	
abef4dc2-fc6a-46a7-918a-83335c4e99a2	Egor	Lyadskiy	2009-11-09	
d187147b-0c74-4ea3-ae0b-0c8f73c46695	Danil	Prudnikov	2013-05-02	
3773ca9f-0232-4961-a199-86c41341d14a	Egor	Lyadskiy	2022-07-02	42874
9db55329-51ca-483f-9543-dad6dd72d051	Andrew	Kostin	2030-09-10	
1851de22-dccf-4946-b380-da484643ab27	Danil	Lyadskiy	2007-09-24	48401
3417d83d-df15-48b3-8d24-84d253762bde	Danil	Prudnikov	2006-09-08	
b23cf37f-5551-4769-9689-8516ab826481	Danil	Prudnikov	2024-09-10	13755
15cb8f00-25ae-47a3-9510-5141e9a0373b	Dima	Kostin	2023-01-23	37896
330b353d-cc2e-462c-ab40-fafa36da14a2	Egor	Prudnikov	2021-04-15	32896
86b6290f-20f9-4ff8-a52d-0c5942412a24	Egor	Kostin	2027-10-19	19516
6da034ed-76e8-4a8b-a8a4-01d4b3c51279	Andrew	Kostin	2020-10-29	51983
d66358a9-20bc-4270-889a-0371916fb1b9	Dima	Lyadskiy	2021-08-27	38758
8332e939-5954-49e1-a79d-70f287601636	Dima	Lyadskiy	2012-02-23	
53223df5-af2b-48d7-bc2e-9fb8ce55d173	Andrew	Eremenko	2015-06-27	
b4c91c41-23ca-4ff9-8833-5204e2e6cf71	Dima	Kostin	2002-04-11	13585
bbc60a35-8f1f-4d85-a5f4-d9de850175a6	Dima	Eremenko	2008-02-16	13827
4f623b40-2e6a-4607-9ffd-4a8e88a8d558	Andrew	Prudnikov	2010-11-10	45425
1e4a7af0-9bd5-43ed-acb1-4e0de34f813b	Danil	Lyadskiy	2028-05-13	14826
eff0f77b-d411-4626-bd61-a52eda9f0d98	Egor	Prudnikov	2004-01-20	
f4cef2f0-3250-44c9-b0b8-e9271277fd55	Dima	Eremenko	2023-01-02	
c6b4afe2-137b-41c8-a110-360612d01a0d	Egor	Eremenko	2022-07-02	7507
1180dee7-d6ff-4275-9a82-ab3a94e0dc55	Andrew	Eremenko	2005-11-20	
b3ee2422-74ee-491c-9d19-89d7aa048273	Dima	Prudnikov	2005-03-21	44223
7898e3d6-ef99-4b20-a74f-6e6244e24046	Dima	Prudnikov	2031-07-28	41803
eaf94d60-c9a1-491e-8bed-a39ec582fbd0	Dima	Lyadskiy	2029-12-29	55754
a63d69de-874c-42b0-93a8-f34772fbb9a2	Dima	Lyadskiy	2017-05-16	
121c0bb8-ea61-4c59-8d2b-166b9356e864	Egor	Kostin	2007-10-17	4968
e207528a-e212-42f8-86ac-11f661020fbc	Danil	Lyadskiy	2026-10-24	
7d6fd4e5-d4d7-454b-873a-f87ba0c17e00	Andrew	Lyadskiy	2003-11-16	1498
8777ae86-65c2-4948-818d-8c484324ebdc	Egor	Kostin	2018-01-03	28792
06a07e86-a800-443d-bf24-3466f6aca959	Dima	Eremenko	2003-09-24	
1ed809af-4c51-46fc-9c85-256a616d8611	Dima	Lyadskiy	2002-08-10	
fc5a69b1-4b00-4167-8b6f-3a943a6b5bf1	Egor	Prudnikov	2032-11-03	
955ba46a-2829-4299-8199-5938751f0464	Danil	Eremenko	2005-03-05	17760
bb046795-ad64-4ada-aad5-c1126442d88a	Andrew	Prudnikov	2008-06-09	30456
7f3f910a-78b8-4671-ad01-fc28cdd09b6d	Dima	Lyadskiy	2006-07-29	
21c91acb-3c17-4ba8-afa6-5731514a070e	Dima	Kostin	2001-09-27	
35ef97c3-37ea-4df0-b9e8-11dcafbd75ce	Danil	Lyadskiy	2003-12-27	10374
2ac94605-7b4a-44a1-8947-1cb1fd507a8a	Danil	Prudnikov	2011-04-03	6737
d4935f28-4ebb-488d-bd02-2ecc779274e1	Dima	Prudnikov	2025-02-07	32486
9631e624-e5df-4e5d-a7da-b1566b9ee150	Andrew	Kostin	2019-10-30	
248a2512-22ee-403a-9de6-c5c14145e0f1	Egor	Kostin	2003-10-12	
d19bb930-4578-4bcf-adf7-2d35a6404751	Dima	Lyadskiy	2029-03-13	27678
08abd226-af53-4fae-9979-ea38ea2b5f45	Egor	Lyadskiy	2019-10-15	
19a2143b-d6f5-4c7b-9e37-2e9204e02565	Egor	Prudnikov	2009-09-03	
de3c636c-103f-4b20-89e3-611efb0507e9	Egor	Lyadskiy	2020-04-17	15461
78e797ab-7a1d-46d7-8943-78460bade2e3	Egor	Lyadskiy	2027-02-06	
3f88896c-9c13-413e-aeb9-59cc7ac65656	Dima	Prudnikov	2011-04-17	46992
cd33dffc-2664-47e2-be78-14715a74137f	Danil	Kostin	2031-08-26	29346
8b69f8e8-2cfe-46ef-88d9-b663ff02902b	Andrew	Eremenko	2003-07-05	22355
e3edfc47-5883-4a3b-9330-e99c6a1837df	Andrew	Kostin	2032-06-03	
7c605136-8f43-4b91-a6a6-b699473e01d3	Egor	Eremenko	2003-09-19	
d7c73e19-abdf-4e26-8c82-1af0bd2a173f	Dima	Kostin	2013-12-05	12653
357068aa-0646-42da-bf98-cef8762ed6f5	Andrew	Kostin	2016-03-05	
2d02a990-b38b-4b59-b642-5f7f50d13e5a	Egor	Kostin	2018-07-19	54103
888a1476-f332-4e2c-b5fa-58b070a92261	Dima	Eremenko	2020-11-16	64182
b7c5b1c2-ea3d-46d2-97a1-3c6f90bf3352	Dima	Eremenko	2011-10-22	50770
15830217-81ef-4815-9c0d-e8bbc42602d1	Danil	Prudnikov	2016-03-11	60947
4c1befdb-9e68-4531-b7dd-9477915c3d6a	Andrew	Lyadskiy	2014-09-02	10494
77f81fa6-dd2c-4229-99de-f2e9132986c6	Dima	Kostin	2009-05-21	
3b1dda23-5253-446b-a65b-dc06570d463d	Andrew	Lyadskiy	2020-03-08	
5c76f994-935b-418f-b34f-de0389bcf837	Danil	Eremenko	2015-08-21	32713
ae7bbc1e-682a-41dd-a8ce-6c5b7c6807e4	Dima	Eremenko	2009-04-29	
f644e792-ecae-4672-b25c-f425d5acc158	Egor	Lyadskiy	2024-05-03	
9132d0ea-f008-49b0-be74-a3d2a85a1b50	Danil	Lyadskiy	2019-05-03	36523
429fda64-0104-48ba-a41e-cb8efc89e578	Danil	Lyadskiy	2005-04-21	5558
7315d468-d732-4b35-9cff-ebba1129a0d2	Danil	Eremenko	2016-12-03	46121
b981c143-9b21-4662-a664-778ee0509266	Dima	Eremenko	2015-06-23	27844
a46925ea-3fe2-449c-8222-67adb31a62cd	Danil	Eremenko	2006-10-03	
5bbeaef0-5505-4aef-bfd6-b1673bcc91c2	Danil	Lyadskiy	2006-01-24	
df25ab51-373a-470f-88bd-99d8ee99be23	Dima	Lyadskiy	2021-04-03	
a72870c0-571e-4f7e-8be4-1612381a17b4	Andrew	Prudnikov	2007-03-23	
b03f830e-a59e-48d3-acbc-d7e9fa49a597	Danil	Prudnikov	2013-11-26	
46aec0bf-12a0-4d80-b6da-5500540cccc9	Egor	Lyadskiy	2018-06-06	37685
dd9380f3-f75a-4083-abc1-d69d2d616fba	Dima	Eremenko	2027-08-31	31579
8cfde933-7ff5-40a3-9714-8d3f8d83938f	Egor	Kostin	2003-04-23	
d4119f83-bd7e-4006-8f4e-3aaebf34e48a	Egor	Eremenko	2025-10-11	24803
c4e2d4bb-47bc-4406-adf5-3ce789ae8938	Andrew	Eremenko	2007-03-02	
3ce84477-e050-43a8-b410-386226461852	Andrew	Eremenko	2020-12-27	
b5af3337-90f5-43c5-af2b-d9f6a72490f8	Egor	Eremenko	2030-01-22	
3628d188-1ef6-4947-ac1a-508a14a1ebca	Andrew	Prudnikov	2024-12-14	11360
155f7cbe-23d4-4c3a-a7dd-10ca1a9ab371	Andrew	Eremenko	2012-03-19	4471
868412c3-4cfb-4962-a9aa-03b84f91559e	Danil	Eremenko	2025-01-01	
186689be-dd03-47a8-8b86-657e60621bb7	Egor	Eremenko	2021-03-18	5017
7daa5d50-7fd7-4db8-9b6e-47bac35172e2	Andrew	Prudnikov	2019-02-16	53892
2c058c63-eca4-46c4-bc06-6b68345dcc50	Egor	Prudnikov	2029-03-29	7565
96a41bb8-e400-4d41-ab3e-9787654d0abc	Dima	Kostin	2009-12-07	45751
705d0c3d-2e5e-434f-bfd2-0c9713b6b8df	Andrew	Eremenko	2008-06-13	
b6076957-000e-4ea6-93be-f6736504c168	Dima	Kostin	2008-02-24	
d1dc0712-b6cf-4a1c-a2db-178d5445e100	Danil	Kostin	2025-12-19	
654fb7f5-ac24-4eba-98ca-4cd7d9a25561	Dima	Lyadskiy	2017-01-26	
453f02c4-87d9-453e-ad23-9925c31e16d7	Danil	Prudnikov	2006-09-10	
43850c2b-651c-46b6-8523-f9e8a79a7369	Egor	Prudnikov	2015-06-17	45394
6f180ad8-5ba8-4954-83f9-da035b073c51	Dima	Lyadskiy	2003-12-16	32339
52208dbd-7254-4991-a11e-31a64704d079	Dima	Prudnikov	2008-09-25	
d14c0042-ef94-4621-b654-54817f3468cd	Dima	Lyadskiy	2032-12-06	
93cb6783-0ef9-4b3a-bff2-8b9622b16c09	Dima	Lyadskiy	2021-05-23	
fd20588a-f743-47ab-b145-62df61b392e7	Egor	Kostin	2003-09-11	36913
6042db8d-7d2e-4d1f-a5df-c053f2d13931	Dima	Prudnikov	2028-01-11	16076
bb17e83f-cd6e-46d6-84ed-9f94d1b38203	Egor	Prudnikov	2032-12-14	
225ce38a-a98a-4a05-97b4-6fe86337e8a1	Andrew	Prudnikov	2007-08-17	27212
5e89b42b-6da6-471d-9bf8-e4292daed44e	Andrew	Lyadskiy	2014-07-22	46322
dc6af68b-9d40-4f76-b587-5fb00ac87dfc	Dima	Prudnikov	2020-11-13	
f1bebcfb-fe3d-4437-aa31-16a57ca4d34e	Egor	Prudnikov	2009-03-19	
2c5f17c2-3414-4005-b491-a33a2caee0b5	Dima	Lyadskiy	2027-08-26	
03f6bb00-8fd8-42e1-a351-82d9fad12fa6	Andrew	Kostin	2008-03-26	
4a1d7ec8-e6ca-41b1-b64f-1fd4aa5085b5	Egor	Kostin	2021-06-23	56442
79952bc7-40cc-4644-89cb-550705cf3598	Egor	Prudnikov	2024-11-24	21598
37b39559-e12f-455f-96c7-7b8ad507dfce	Danil	Kostin	2015-09-24	
c29a2a89-5464-4651-a3a1-b2982f177302	Danil	Lyadskiy	2013-07-14	
6d310f3d-00c9-4ce5-b10a-9d00f717ec2d	Andrew	Eremenko	2002-08-30	13509
c055e298-1655-48db-992d-287eb058558e	Dima	Lyadskiy	2010-08-04	
57521d13-5593-45d8-9ad9-d045c94f0e4d	Dima	Eremenko	2017-08-07	
5a6e6d84-61d9-4260-9a5c-122096e9f9ca	Andrew	Lyadskiy	2018-04-19	21301
7e1dc6e6-a6e9-4f3a-b525-add13b64037b	Danil	Eremenko	2002-10-10	20570
dfc01b0e-e255-43cb-ad9d-0586fe962502	Andrew	Eremenko	2011-10-26	
d28fbc51-0f8f-4224-ba2b-52bc4647a294	Danil	Eremenko	2015-01-31	8742
4fff14ed-6888-4f32-bef7-19ad9155b653	Andrew	Kostin	2008-01-09	
a2d0db1e-e2de-4480-8685-8cf3d442a6d7	Andrew	Lyadskiy	2003-12-29	
babc7d07-df0c-4136-936a-545d0af96a4f	Danil	Kostin	2006-04-20	
27f4c1bf-e328-4a61-bd53-c99d46e6ecb9	Andrew	Lyadskiy	2029-02-06	41966
f7670e3d-598e-4a73-8809-96caa918fae1	Egor	Prudnikov	2016-11-19	46694
d48da08a-dd1e-4e05-8cf5-1968008f9892	Dima	Eremenko	2032-07-29	18517
977a9eee-a955-4755-82be-d8b4203ff68b	Dima	Eremenko	2029-04-25	9740
bd15b85a-88af-4874-ad96-ff52d781a70f	Egor	Prudnikov	2007-06-29	
c44a200e-fef3-4e45-8d01-9e7ee4d2c39e	Andrew	Kostin	2024-11-12	8144
3b795a63-a2eb-424a-a839-fce2d66ea4d7	Danil	Kostin	2009-09-05	
d548fc15-c2bb-4018-8ba4-3e60a9feb212	Dima	Lyadskiy	2027-05-05	
54af1d18-f37c-4faf-9d3f-149d2e797688	Dima	Lyadskiy	2023-07-03	15395
8d3d8480-1da2-4bef-944b-b0212382267c	Egor	Eremenko	2021-12-21	
61706ea6-9d27-4550-ba76-cd669519ebe3	Egor	Prudnikov	2021-05-20	
a890469e-795b-45b1-b586-a5abbe7984f4	Egor	Lyadskiy	2009-02-28	24127
0995d4c9-dd33-4d22-9b97-851bd920ddb4	Andrew	Kostin	2015-04-02	
26efe0a2-0cc4-489e-a59f-1f208a04d12c	Egor	Kostin	2021-06-06	
00915125-6c41-45fc-85bc-e0c2e7320955	Dima	Lyadskiy	2015-09-18	
656862da-c122-40d1-b9c6-84acf1cf3805	Andrew	Lyadskiy	2003-12-21	
d7ab7052-d6fe-4e54-9520-2a5da4b1bf73	Danil	Kostin	2012-04-02	10410
b776737d-089c-414f-9c82-f69791d2ba65	Egor	Kostin	2006-06-10	
8e8ecef1-1f20-4931-839b-df9f1c041cfa	Dima	Eremenko	2026-12-27	50988
73e314e2-f4b0-4c50-9e93-2325ecc01f16	Danil	Kostin	2004-05-18	
f30e7128-121b-4758-9a87-54d49219a04d	Dima	Prudnikov	2017-10-25	
ab4442dd-cbdb-40e5-8ced-363a9492bc9f	Dima	Eremenko	2018-12-31	9093
908cfc45-07d4-428f-b9a3-663d106c3a71	Egor	Prudnikov	2013-04-05	
d333e715-68b9-458d-a510-27f6210af61c	Andrew	Eremenko	2027-03-01	
33132495-3746-46fc-a4b6-1def35017fef	Danil	Kostin	2019-06-16	
7858ffff-9c7e-4f1c-bdf2-3ba7a792771d	Andrew	Lyadskiy	2008-02-19	
50199a07-9693-4830-bd97-c5a8c5e9c377	Dima	Prudnikov	2016-08-10	12351
64f2fe22-104e-47ee-8fbd-005359ab051d	Egor	Eremenko	2028-10-02	15189
8e25b358-7a57-41b0-a7b0-17d0892fef8b	Egor	Lyadskiy	2007-06-30	55692
ef0f8c36-aa0d-4d22-9aea-ece622df19e1	Andrew	Prudnikov	2032-06-20	
361aa0ac-9a0a-46f6-8568-363c9ed4122f	Dima	Eremenko	2018-02-15	
8fe78335-d0e5-4b1a-a746-b045bfc33798	Egor	Lyadskiy	2015-07-22	
43c24459-39f6-4419-9f92-ad6ead4bfe90	Andrew	Prudnikov	2022-04-14	22837
d2304718-a1dc-4dbf-adaf-fe41a9d60c2e	Dima	Kostin	2011-02-23	
acd3db72-f6c0-41df-9bf2-d3df94991bee	Andrew	Prudnikov	2032-02-29	
ed640c7b-e467-447c-a136-698536d57f38	Egor	Eremenko	2030-03-24	29997
343a261d-969b-498e-9f98-5210d445d4a9	Dima	Kostin	2019-07-19	52997
da850522-1746-48e3-bbda-ca2c593067dd	Danil	Kostin	2007-10-26	
eea600a7-f98d-49e8-8a94-4fe151bf7ae0	Egor	Kostin	2011-03-21	
6c9e9b5d-c198-480f-9600-383935c402b0	Danil	Eremenko	2029-06-23	
d7b30f16-c14b-480e-b4f7-bf5868a00d04	Egor	Kostin	2022-11-18	49139
0a9fe983-349f-416a-aacb-7edf7cd8447f	Egor	Prudnikov	2021-03-13	4691
b28ce9a8-793f-4cde-8048-38d9b3e9a5fb	Andrew	Lyadskiy	2005-02-28	35260
9ea49686-ad44-4f38-82c0-e407a3c896f9	Dima	Eremenko	2004-04-26	10555
a55b939c-9a16-4174-a08d-81797ed17f19	Egor	Prudnikov	2018-10-02	
8af17097-7cd2-4aa4-abbc-a59ac86fb639	Andrew	Prudnikov	2028-03-02	
68c82f4e-bb53-49de-8b9f-f6c33bb5621f	Egor	Prudnikov	2025-11-07	
0bd1727e-6873-445a-a018-d0b56a7d8cf2	Egor	Eremenko	2012-05-26	
b0b9d942-64d0-4ea6-b77b-74fcd7fc3928	Danil	Kostin	2031-04-18	
870a4e14-cab3-42dc-9582-6056717e74e9	Andrew	Eremenko	2032-11-17	40349
31f14aca-c660-4216-a6d5-336f436114fa	Dima	Lyadskiy	2025-01-04	15047
ef451eb1-06ed-48d5-9315-553c6fdc06d1	Egor	Kostin	2018-06-28	17190
c9203401-78f6-475a-a120-352faa1a5478	Andrew	Prudnikov	2032-04-28	
3b6fde1a-2cd8-4cae-a685-38707e4d1d9d	Andrew	Lyadskiy	2020-05-09	29878
6bb5ec45-e89e-449a-a1cf-2b1f31e58bc5	Egor	Kostin	2013-03-07	12537
6809279d-4a54-4681-8bd8-e81e4620aea5	Egor	Kostin	2023-01-03	
bcfbaddf-c75d-493f-8946-f42c5de32314	Andrew	Prudnikov	2005-07-20	
078d3536-f4d2-443c-9da2-8dcdfb4a4a86	Dima	Kostin	2030-10-19	
3aeab0b6-3812-4f70-b092-5cdcbb58974b	Egor	Prudnikov	2025-04-30	
c1d882f6-d545-42a6-a71f-b2e769ba26e1	Andrew	Eremenko	2028-06-28	
02093afe-c593-4b5f-b3fb-ae1e15efac22	Danil	Prudnikov	2024-12-08	37210
9a9ae6d8-3888-4348-8230-68aad54640cf	Dima	Eremenko	2029-02-04	41877
bd4fde17-6d5f-4722-ae9d-f7648d2b15cf	Andrew	Kostin	2017-08-08	
94075073-acf8-4357-a877-75813f559fbb	Danil	Kostin	2014-01-09	36755
a1fb8888-a0f6-4d6e-be46-1a476ebd2955	Dima	Lyadskiy	2020-01-31	64879
9e0634c8-968a-4e55-91e7-956430a16764	Andrew	Eremenko	2031-02-17	61530
10794c58-2b3c-43a3-b3b7-ba9a7db24bfe	Egor	Kostin	2027-05-05	
ea328c0e-a47a-4a10-83c1-121de712e316	Andrew	Lyadskiy	2016-02-29	58058
76cf7f68-b435-41ab-830c-e15890e88748	Danil	Prudnikov	2002-01-16	
cf9aa4f5-164d-494e-81cc-6ff38ffe042b	Andrew	Lyadskiy	2020-08-06	2304
ad221bcc-7edc-4e0a-9f5d-6a9384c0671d	Egor	Eremenko	2011-11-17	59426
9c04a18d-7aec-4a9a-80c3-c9c5ccc96def	Dima	Prudnikov	2018-05-14	34491
36c7e922-89e4-4d69-8cde-ddd4c8d0c29c	Andrew	Lyadskiy	2017-08-11	28660
fbc1cfa2-949a-4ee6-9e32-a98681968b19	Danil	Prudnikov	2009-08-03	42551
1058435a-0f35-40cc-95e4-12be284051f3	Dima	Lyadskiy	2017-01-25	
cdb9a253-a41b-4a72-943d-a145793c43ed	Andrew	Lyadskiy	2008-03-07	
bdb29c77-daa8-4fc7-a5b8-47079646fab2	Dima	Kostin	2010-06-20	
eda0e1dd-8cec-45fb-98b8-8789df2a05ad	Dima	Lyadskiy	2028-03-18	59005
ba2d047a-1e97-4a12-9a5b-a2839523d7bc	Andrew	Eremenko	2019-09-10	
9d635d45-1497-4e27-bb38-02edebb62f15	Egor	Eremenko	2009-09-15	
09d90a72-722d-4bc5-af9c-fa9bb00ba79b	Danil	Prudnikov	2011-09-05	28081
a02a6da2-f79a-4934-8d2c-0759cc5b30c7	Dima	Prudnikov	2002-03-02	39785
93a762c1-ffa5-4fae-87d7-6142fe9df551	Egor	Eremenko	2019-03-18	
aca93558-247d-41f0-b4bb-906e06fc7848	Danil	Prudnikov	2007-04-09	35915
28475179-5fb7-4cf0-b438-6b483382d273	Danil	Kostin	2022-11-07	33611
e0113904-bf32-4086-8fde-4be99e99c825	Dima	Prudnikov	2009-08-17	
dacbe663-811c-4d2b-b87e-6b161280b63b	Dima	Prudnikov	2019-04-08	61700
06cbb4bb-8d04-4174-b226-a3508dbcbdb3	Egor	Kostin	2019-08-14	63124
8b60c6db-12f3-4458-b562-4f6e4dd1cb6c	Egor	Eremenko	2003-12-23	
864a527f-d994-4c4d-a259-1299344216c2	Dima	Prudnikov	2021-10-20	
00102790-67f2-4464-b5dd-233d3f7654b6	Danil	Prudnikov	2005-10-21	
1baad3e9-df12-4a13-bd03-66a7f9ea9eb5	Andrew	Prudnikov	2013-10-30	
361e9f33-38b6-4383-b220-3a2a3f5efcaf	Egor	Eremenko	2030-10-15	53390
6be2a664-d324-4b87-a916-b617129895d0	Danil	Lyadskiy	2029-11-23	19135
4bac38c9-8266-4127-b499-2b36a9117bca	Dima	Kostin	2004-09-02	38555
a3aba02d-ffac-45c5-98c2-8004f298575e	Andrew	Prudnikov	2020-02-05	
492cb70b-eb9c-4dc5-90d2-661d79c20915	Dima	Lyadskiy	2017-04-21	6223
b96d3647-66f7-47f3-9efa-b1fcac748687	Dima	Lyadskiy	2012-02-13	
26ab6ed5-a4c3-4c3b-b50b-6d56fe4a2db8	Andrew	Prudnikov	2004-03-14	49999
86493d8c-a8dc-4db2-9bcb-e2d6d21cc274	Egor	Prudnikov	2024-04-30	4101
ec029640-43f4-4cfd-aa1b-20bac50f2c63	Egor	Prudnikov	2030-09-07	
cc23dbb9-a7c8-41f4-8208-3a555db7f0e5	Dima	Kostin	2029-06-01	49450
25598bc3-5ed5-403b-926d-6baaf458ede5	Andrew	Lyadskiy	2018-07-05	22564
0595f837-3e58-4e73-af11-75ffa00725a1	Andrew	Lyadskiy	2011-03-25	
7451915e-fc6a-4d87-9426-85439552f8dc	Egor	Lyadskiy	2002-11-04	
7a045466-9aa7-458a-bb98-dfa3a747904e	Dima	Kostin	2003-06-28	10734
cbd2d51e-28da-436a-a38b-dcce24bb6e45	Egor	Kostin	2022-07-07	451
e0e64c80-7101-4294-9083-9ad187ac952e	Dima	Lyadskiy	2001-12-02	13310
382be674-9e1c-4c0f-8c64-79131afd8c49	Egor	Lyadskiy	2032-11-19	10221
6a38fd38-aec0-4b2d-84d6-3765cdfc5462	Danil	Kostin	2026-11-10	
18372776-0d14-4f84-b018-12ecc820f021	Danil	Lyadskiy	2030-01-26	
a2a31534-7ecc-4d3a-b04c-be4ad3187d9c	Egor	Prudnikov	2007-01-07	
9b715536-1bd7-46db-a5c7-b83e49866634	Dima	Eremenko	2020-09-27	30574
070ff57e-d24e-49e3-8942-47088c3169d6	Danil	Lyadskiy	2008-12-03	
7e0a1bd6-a324-4604-b260-759cecafd203	Dima	Eremenko	2010-10-22	52963
57d0e40d-2d1d-46d7-bdb5-87840c1970ef	Dima	Kostin	2019-12-11	9344
24c6b537-ed71-437d-ae9c-5edec6290ce8	Egor	Prudnikov	2029-02-06	8243
2d330a7e-68cd-4c39-9d1c-5f4b65aebc10	Dima	Eremenko	2010-03-14	12188
42a0db1d-8271-457d-a6d0-063d193da4d4	Andrew	Lyadskiy	2025-11-13	
a45831b8-2963-48ec-822f-f7e87f757a7c	Egor	Eremenko	2013-01-23	
61d3b8d6-12fd-42ad-8688-a93d5c5a0a00	Danil	Kostin	2030-02-11	
64b0b237-9e12-4f45-903a-428776e4a675	Egor	Prudnikov	2007-02-03	3837
1170724f-63f7-4cd8-8c50-9dcce2a17bd2	Dima	Lyadskiy	2018-05-25	39975
4b8eddd6-9965-4248-b75c-898dffacd8d4	Danil	Lyadskiy	2021-10-04	
174b2f78-5b0b-40fb-8fa8-f5dbeadc7a68	Egor	Kostin	2032-12-17	58204
4626361e-d204-4ad2-b219-88554433f881	Andrew	Lyadskiy	2023-09-29	
1ae6baba-877e-4b64-a233-6d7f9b777a3b	Danil	Lyadskiy	2009-03-20	
fd0c6878-229f-41b8-a5ba-068df49014d6	Dima	Prudnikov	2023-12-17	53178
146d962d-e46e-47f9-a5be-e411f2bd6da4	Egor	Eremenko	2024-05-18	
67e77914-6c6c-4e32-ba8f-5f0edd155f6d	Dima	Lyadskiy	2029-11-22	45495
46865979-2dee-4a02-9f4d-c8e49956b555	Danil	Prudnikov	2007-07-25	
329e136d-b70a-4a74-b617-0dfeb9d4b8e3	Danil	Kostin	2015-03-06	
98081708-eb4b-41e0-9bcc-5bc20dd4c0fc	Danil	Lyadskiy	2028-06-25	49772
5eb1a29c-2ea4-4d0e-aae2-e5097eb65e5b	Andrew	Kostin	2025-08-05	8013
68b26ebd-c9d8-4357-8641-a8bf43f3d43b	Andrew	Lyadskiy	2017-06-03	47973
66dbf2ea-814b-4e88-b718-2faa43a7e1d2	Egor	Eremenko	2021-01-30	15380
d0dcdf6b-d65d-415e-976f-64f125d412fe	Andrew	Lyadskiy	2026-07-25	
b6bd83bb-f34c-4353-b8d8-bcfcce3be720	Andrew	Kostin	2027-10-14	21021
fc83b74a-2e29-4292-b970-bb39e60974db	Egor	Prudnikov	2022-09-10	54780
bf6732b2-08bd-4901-84a1-4cf959661bd9	Andrew	Lyadskiy	2007-05-04	
9ce12880-918b-4611-b2f4-2998e4317961	Dima	Eremenko	2027-09-14	
aa1f042b-02e7-4430-b006-5a346cd67300	Egor	Prudnikov	2026-09-09	
770ef6a6-2d8d-4f68-bf40-6cc41952c058	Dima	Kostin	2032-05-05	
38ac36db-3a5b-4b65-a1cf-e47f42b4031d	Danil	Eremenko	2020-10-10	
d5d20feb-c0e2-489f-99a9-7b732507bf56	Egor	Lyadskiy	2007-02-06	
702d207f-d108-4bdd-940d-c0c50b208d5f	Dima	Prudnikov	2015-03-06	
ce27613a-da92-432d-b70c-aab7c17c54e8	Danil	Prudnikov	2012-02-20	
95999345-ca71-4a36-bc8b-061707ea693a	Dima	Eremenko	2025-02-12	
76c93921-07e1-4342-9ff8-8628b5b0c987	Danil	Kostin	2010-08-16	
59232c3e-ad3b-4bec-ad4e-50d86aebaf6d	Dima	Eremenko	2010-04-14	6068
8b42f12c-b8b1-4e56-a5f0-7e6c8e7cd632	Dima	Lyadskiy	2026-02-20	
09963835-0311-4357-a14c-f6a3954382ff	Danil	Eremenko	2016-05-31	41275
52a77354-db5e-4591-b798-af23aa6fb48e	Danil	Lyadskiy	2009-01-31	361
01f8f8bb-ed54-4012-8607-582624b05418	Danil	Prudnikov	2008-10-13	
d2086de9-44b0-4603-95ea-16a05f28f2dc	Danil	Eremenko	2027-01-27	56166
3a05cf52-14c4-4c1e-899f-6cfec911a012	Egor	Kostin	2017-08-04	
81e9d44b-e3a2-4fef-83f4-f5b54dd30bff	Danil	Eremenko	2019-02-22	40280
8f92ce8b-f538-4925-8871-a31225793b59	Dima	Prudnikov	2024-09-23	25413
da8805af-a950-48e6-8257-d6bf37dcea53	Egor	Lyadskiy	2014-01-27	
9f0fbcde-8715-4b82-8edf-dd03a6f16eec	Egor	Eremenko	2017-11-22	35761
4bfd512f-5909-450f-8894-5b99882bb545	Egor	Lyadskiy	2031-09-11	56753
c634b820-8da8-405b-a914-2ba64195af83	Dima	Kostin	2033-04-30	64768
8a2a6742-f291-4480-9d46-1f23bae613bd	Egor	Eremenko	2023-12-11	
e9a17094-1569-4777-905d-4ae6a112be65	Egor	Prudnikov	2023-04-26	30846
48181755-3a1b-4d07-a648-bde96d913821	Dima	Lyadskiy	2008-09-28	16453
1fdc2a72-bc1f-4a58-8b6b-307b81824a49	Egor	Kostin	2013-07-14	
f026b177-5ca0-40a7-8aa9-aaea5a54137f	Danil	Kostin	2023-11-03	8234
f09cbc16-5e06-4064-bbb1-ce8259e52312	Danil	Kostin	2025-06-14	10874
77cf4406-7d71-41c1-8fee-d0f7ffb8e8be	Danil	Kostin	2033-04-07	53516
d2bb15e3-6804-4eea-8588-76510cdba7d1	Dima	Lyadskiy	2015-05-30	
6da48ea6-6cc8-4fda-8c31-4eeea8133572	Dima	Prudnikov	2011-11-22	46838
f0533fba-835d-4508-aad5-9e7a8dfa1ff5	Dima	Eremenko	2011-09-10	15539
5f925597-8e9b-4a2a-a165-30856d28cc85	Andrew	Eremenko	2008-08-10	
6c159702-c508-40c3-8021-a4bcf4a80d94	Andrew	Prudnikov	2018-11-09	18502
a6b8dd13-7c8a-4d75-ba05-f1f1a9b7a2ee	Egor	Eremenko	2020-02-29	
a83a4e4d-77b7-45f9-ac61-912b5de46e7a	Dima	Kostin	2027-09-14	
02606314-0cea-4cf9-929f-5ba38a5ee267	Dima	Prudnikov	2012-09-24	
6f6b6174-c073-4357-bf60-294da9bc01a7	Egor	Kostin	2008-07-13	55226
1ebfe7c7-9dcc-451f-8fae-c5ad6df3e5eb	Egor	Lyadskiy	2014-03-03	
6fed19c3-4c69-4355-8f1e-f061b3d1052e	Egor	Eremenko	2018-02-25	56200
9cb0fa4c-1681-4b1e-8847-cfb8bd4f24c9	Danil	Kostin	2021-02-11	33556
3a5cdb9b-c98b-4ebf-a7ba-314d59f0005e	Egor	Eremenko	2008-04-15	58529
12513575-8119-4565-8006-f1d9130bdb06	Dima	Kostin	2004-03-31	19990
7c20ce3f-1c52-4b8f-8658-9466e77186b1	Andrew	Lyadskiy	2026-11-13	
513169c6-0630-4d1c-8392-058554cc0431	Andrew	Kostin	2004-04-15	27701
89338cca-7d22-49df-b746-1425764ec58a	Dima	Lyadskiy	2027-05-19	2277
2feedee1-2e83-4957-ba43-af5fa9a0a9a0	Danil	Lyadskiy	2015-09-11	10604
5b73753e-caf5-4132-906e-42cf932b5871	Danil	Eremenko	2029-01-25	
5d1cf93f-f583-42cb-a31c-93fcb2512960	Dima	Lyadskiy	2017-11-02	42491
433e045e-c9be-44a4-b524-9883e8627081	Egor	Kostin	2011-11-04	47061
79250d4c-0bb5-44b2-aaa9-b7d3887d6661	Andrew	Kostin	2014-05-14	20736
0c030084-6167-43de-a0b6-2a6641877ab4	Danil	Eremenko	2023-04-22	7803
f4b328b8-bf1c-4fec-8c8f-e29763bcccac	Danil	Kostin	2008-08-26	
e1423c10-ad6f-413d-8583-c534c480cc59	Andrew	Kostin	2008-05-09	
8f7123dd-4db4-4b42-9ad0-c7943efbeb51	Dima	Kostin	2029-06-10	2796
c629b74f-c10c-4320-a127-dac7670020e9	Dima	Lyadskiy	2019-11-18	41434
2a71f863-1261-4320-ab6b-8d88e547e14f	Egor	Eremenko	2022-02-06	38622
a67aa977-6638-49d6-9b50-07bdf036b5ad	Andrew	Eremenko	2011-09-10	28631
d825610d-a77f-4501-af11-28c17177210c	Danil	Kostin	2028-01-10	15791
76052911-7d56-4d58-977c-70975a8642e4	Egor	Lyadskiy	2020-06-29	5108
effcb162-3efd-42c7-8c6c-da4e72ca4f94	Danil	Eremenko	2013-06-05	
6831c472-d795-47a2-b428-b1b90452fff1	Egor	Prudnikov	2028-01-31	25245
5c8f8241-492b-4215-9f4b-eaba2850e7ab	Andrew	Eremenko	2011-09-15	21312
bc55ff4a-11b3-4db6-aecd-8d808dcbd34c	Egor	Eremenko	2030-10-24	3430
b1d64279-91ac-470a-828a-3535f4131ad6	Dima	Prudnikov	2013-01-24	
7fae020b-863f-47be-ba5e-eef661f1653a	Egor	Prudnikov	2013-07-14	42755
898ef157-95bc-401d-9063-ba524053bf02	Dima	Kostin	2021-07-23	
81dc54b8-e525-4297-949f-8d3bd8b1d9ef	Danil	Prudnikov	2002-06-18	40300
f5759250-dc6e-48af-81fb-95e0aaf954fe	Danil	Prudnikov	2018-04-02	
58896a5b-fc61-4356-90c5-7714187d8d58	Danil	Eremenko	2016-09-09	27551
fb962948-292b-4256-849f-930648baa104	Andrew	Prudnikov	2025-06-06	58403
2d89be5c-4506-4d2c-a2bc-f9b7237e5803	Dima	Prudnikov	2009-02-11	
b93af907-8593-4a3c-b2e1-6b5a1d397496	Egor	Lyadskiy	2027-03-05	4522
356140d7-9f5d-459e-a3fc-cb4342632eee	Andrew	Eremenko	2031-11-30	26824
ff656a17-8cd3-4644-bc7d-bd982f56952e	Danil	Prudnikov	2001-10-13	
66b0db2d-9c50-491e-ae0b-b1c1aea294c8	Danil	Lyadskiy	2003-03-09	17932
cae17c7b-14b1-44ec-a893-44920c3c7001	Egor	Lyadskiy	2028-04-17	
2218bf56-6dbd-41ed-b5eb-597b699a212a	Andrew	Lyadskiy	2029-12-02	
dbb2daa7-8e67-45bf-9616-cada57794b52	Danil	Prudnikov	2006-10-18	61165
d4e4446e-8fa3-478d-9834-7f3ee6db473f	Dima	Kostin	2016-01-23	19461
f41b3736-afa7-42b5-8d48-a7cb475a8f9d	Egor	Prudnikov	2002-09-21	59344
e2a84b31-63d8-48ac-adb6-c433de1274be	Dima	Prudnikov	2010-05-24	
228ab205-76f4-476a-9008-094da0d9b289	Dima	Prudnikov	2020-06-02	
16a54680-a956-4043-a55a-da615206f01d	Dima	Lyadskiy	2006-04-24	
6eff6fb6-d2ee-4ea9-9dcd-3ab80099e70b	Andrew	Kostin	2010-07-08	7797
abf16387-63a2-4d08-8791-ceb8a3e0486d	Danil	Kostin	2018-02-08	
ae88883b-179a-4bc2-8e2a-dcda4fb4f98a	Danil	Prudnikov	2014-04-13	33182
123f4f66-6181-43ce-8ca0-f729dce4ccb8	Dima	Eremenko	2002-04-12	
c27b103d-c776-4faf-be58-74570d5e6048	Egor	Kostin	2016-09-30	
5bc0d273-8681-4e08-b400-f7a64fb5beca	Dima	Prudnikov	2022-12-05	28253
c97fdb14-7d13-4981-bef3-bfa686ca8ede	Dima	Eremenko	2010-12-27	
0377e078-b883-4f6b-9db2-a812edd65512	Egor	Lyadskiy	2011-01-09	
8989eb16-0ad2-4464-8041-e5ec902f1eda	Dima	Prudnikov	2019-09-23	8314
4745e035-adee-4a5b-a386-391d8c57f468	Egor	Eremenko	2005-01-19	
6b4094b0-48bb-4b93-b22f-3b8138b1eadc	Dima	Kostin	2027-07-27	20441
2645bc68-e829-46e4-b642-91834f48e714	Danil	Prudnikov	2014-07-25	53371
5599ef1d-0229-4d21-809f-6895523b76b2	Danil	Lyadskiy	2007-09-16	
289032c1-73ef-4551-98ea-21089d5687c4	Danil	Prudnikov	2006-10-22	9704
2ce241b9-0a66-4dfe-9cfb-9011ceadf384	Egor	Eremenko	2030-09-13	
05f1af4c-9ea8-4cdf-8138-dcd6130f0c24	Andrew	Lyadskiy	2006-04-30	
43dda510-53bb-4928-a281-921b134c1f9a	Egor	Lyadskiy	2031-05-18	25166
f6fb49a5-5c18-48bf-908e-fdfd24136ae5	Andrew	Prudnikov	2024-12-19	
5da71bc7-b54c-4f89-a934-ef310b4132ab	Dima	Prudnikov	2017-06-05	32761
b6a38d5b-8840-4f0a-b425-7acce4ce5475	Egor	Lyadskiy	2007-06-01	
667b6066-82bc-4ca9-bdb9-61c7b74b0d03	Dima	Prudnikov	2019-08-14	22475
1857729a-af28-4966-9433-43cc8144ea87	Danil	Kostin	2010-03-07	
b47a971a-47cf-4d66-be1a-67c50d5033db	Danil	Prudnikov	2020-08-20	
0f9fe1bc-fbe1-4c2d-8064-efef5e5003ed	Andrew	Eremenko	2028-01-19	34062
fbc0fc47-f9ad-4022-af88-eff1b171f53d	Dima	Eremenko	2003-03-17	26544
795fccb6-5a10-4e84-8af8-8087d3760bdd	Danil	Prudnikov	2013-02-24	
08b9ee9b-de01-4240-aee8-7a01cef50e20	Dima	Eremenko	2003-12-20	
22831607-0c91-4ee5-977d-a73142a81b9e	Egor	Kostin	2031-07-08	
a2e3fc92-196b-4d37-8ab4-49291e42bb95	Egor	Prudnikov	2001-09-24	39895
321ef4bf-62c0-4fc5-be8d-23a0478cecb3	Andrew	Eremenko	2027-01-16	
8eb40eb5-47ce-4e80-b9ac-64dbb4244da1	Dima	Eremenko	2021-06-12	
e1ef6f91-b59b-4c60-9540-c2e87414adc6	Egor	Eremenko	2002-07-07	
dfc43c9f-23d8-4f1d-9e6c-919074dcad70	Dima	Kostin	2005-08-15	20678
b2317b46-5c52-4182-9503-722d36d38626	Egor	Prudnikov	2021-03-15	41362
47729382-75cd-49ee-92f0-dff6c1882e52	Andrew	Eremenko	2012-10-28	37306
404adf48-6ad0-478d-b5e3-813549ff90c9	Dima	Prudnikov	2017-12-06	3886
46abf2b1-295f-407f-89b8-cd3279229716	Danil	Prudnikov	2011-07-01	
61325af7-5b5a-41f5-91c4-198872a1c64c	Andrew	Prudnikov	2015-12-14	31259
fd09f18c-b99d-402c-9d47-5c41af71d9f6	Andrew	Lyadskiy	2008-11-05	
9fb3f9d2-983b-47fa-895d-451034f42a18	Dima	Eremenko	2003-02-14	
4360185a-f166-4592-bf96-a8385d539c6d	Dima	Prudnikov	2028-04-02	26832
e00cd6d5-ec12-486d-8884-7570e784f997	Danil	Kostin	2020-05-16	
c9c42214-46a8-41ef-9489-9a5823ca4d88	Egor	Prudnikov	2010-01-15	
aa4e4df0-61b3-4526-942e-71260da50290	Dima	Kostin	2033-03-10	
e2fc7f86-1418-46e8-ac35-7e9ba0b00769	Dima	Kostin	2002-09-15	
2e14ec6e-3e21-4f08-9863-e1f4ab82e9cc	Danil	Prudnikov	2019-08-27	39779
f5db3375-3d07-47a0-8b83-1d7024b29da0	Dima	Kostin	2019-07-16	
b62120c6-f1d5-42bb-a75c-fb95873edaed	Egor	Eremenko	2007-02-08	29619
570555bf-1adf-470f-a83a-631dec2cbf83	Danil	Eremenko	2006-10-05	
d20447fd-c48d-48b9-b56a-6ae8baa21e25	Andrew	Prudnikov	2007-01-19	
b6d5408e-a4d9-4363-b09b-3b2eb543e886	Egor	Kostin	2031-12-13	
7d10fc6e-597d-4843-8808-71e23e8c4887	Egor	Eremenko	2002-05-14	
8ca6526a-d2e9-4073-a140-0f9975125d2e	Dima	Eremenko	2029-06-19	
b926285f-7218-4888-85d6-d63f549aa646	Andrew	Prudnikov	2017-11-15	
7e3792f9-8318-40b4-972f-02ff11148b0a	Egor	Eremenko	2015-10-10	
06cd6b5c-3b80-441c-9600-c07a73cbb6e9	Andrew	Kostin	2005-01-16	
3c0921a7-453e-4562-a509-c4a13018b937	Dima	Eremenko	2022-07-07	3766
5d6d7fc5-beac-446d-91e7-1c5199db169a	Danil	Lyadskiy	2026-10-15	31435
5b9a74ce-3db4-45dd-838c-886acb17ede3	Danil	Lyadskiy	2011-09-25	
ffabc5ef-f441-415f-bf2c-890a032210ca	Andrew	Lyadskiy	2003-10-16	
c9896687-a9aa-48e0-8a50-60c3be6cda73	Egor	Kostin	2016-02-27	
cf4bf082-42f5-4046-82cb-fd63896a29e4	Andrew	Eremenko	2009-11-17	
6ca3eef0-cc71-4713-9eca-1a512a5ee790	Danil	Lyadskiy	2006-01-17	54199
97911193-1ac3-4b2a-9a12-e9f2931ac406	Danil	Lyadskiy	2019-11-01	
3b1acf1c-9c32-4a24-903e-b7a692577a1b	Egor	Kostin	2023-05-05	55333
c9d1dd92-de9d-457f-af33-7803e4d0d59f	Andrew	Prudnikov	2001-09-26	
e74af4b9-eb4d-4487-b7e4-62df197c34dc	Andrew	Kostin	2019-03-16	56248
71576cf1-8c94-4ff2-9817-c5e8531dd615	Andrew	Eremenko	2020-11-13	9064
4f8ac8d3-ce88-42f3-85e7-2b4e67abea00	Egor	Kostin	2009-06-07	23158
f32d6811-0760-42c7-a25e-c4424c6bd426	Andrew	Lyadskiy	2021-10-09	
5b81ffea-635b-4a8f-9d1e-15aaef7ed6bc	Andrew	Eremenko	2008-07-26	
26237cd8-b706-4755-8783-f49badbf510a	Dima	Kostin	2027-12-20	
ea677e86-e085-4147-bc49-dc3014802457	Andrew	Prudnikov	2022-07-05	47717
b444a24e-cfc2-4baf-a6bd-49d915d49783	Dima	Eremenko	2003-02-02	
4b2b73ff-a98d-4100-9b65-3f7a3b37e752	Egor	Prudnikov	2019-03-08	19988
df2b4bce-d85f-4c3d-9cff-0c224dbc0647	Andrew	Prudnikov	2016-04-12	11303
9b4cab6d-de70-4424-a32a-44b0cb56e41b	Dima	Eremenko	2011-07-12	
300aea20-99fa-403f-87c8-5c5dea6307d0	Dima	Eremenko	2006-09-01	42585
d1b29f51-404f-4ab6-bf62-bca3a894f0f0	Dima	Eremenko	2018-09-04	6517
3ac318ee-393b-4ca8-af65-e36e171c0963	Dima	Prudnikov	2019-10-16	
2e897c62-6db7-482f-a8bf-c4f33205f575	Andrew	Eremenko	2006-12-27	
634fe5fa-3b8f-438c-9344-898ed2d09d18	Andrew	Lyadskiy	2021-06-11	50574
205c634c-3a86-4826-aac2-b22e8d2ea195	Danil	Prudnikov	2006-11-20	30837
76c8cb55-6c27-4276-86f8-d59cd267e3ea	Danil	Eremenko	2021-04-13	47368
0f5ebaf8-d2c9-4498-8540-7fab480bba6a	Egor	Eremenko	2003-11-28	3393
8b0b5bb9-f33b-4da7-8c3b-ed3b6bc50f78	Egor	Prudnikov	2028-06-16	38505
c4e238fa-d576-4071-814e-3b417e38bf6c	Dima	Kostin	2009-01-19	
78ca0033-c78f-4ec2-bb16-82571363de29	Danil	Kostin	2017-01-01	
9f53d0e8-bcb4-4fc8-8584-ee6e1a6923be	Danil	Prudnikov	2007-02-28	
041610fa-5f7a-4ff3-a943-de83cf99eb0b	Dima	Kostin	2006-07-21	6275
8933561b-2f4c-4926-b3ce-8461ccb33bf5	Danil	Kostin	2019-04-20	
5f971230-129f-41ac-a6e3-0d67605fd5a5	Dima	Kostin	2024-12-06	15626
7a2fed15-fa95-4137-963e-470e441e76bc	Danil	Kostin	2007-12-29	
0dcd2999-d27f-4c4a-98f5-fb66cddf059d	Andrew	Kostin	2008-02-07	3729
8556b564-91b5-4d11-a8d3-962b5ddea8c1	Egor	Prudnikov	2003-11-17	52736
6f1c40ba-1b3c-4b11-bc2d-8df6515af652	Egor	Kostin	2007-08-13	38228
52f9d3c0-c617-4522-9505-1605555baf81	Andrew	Kostin	2003-05-08	35462
97ff5fd8-53a1-455c-b1ee-3d63399780ac	Danil	Prudnikov	2033-02-25	35606
9981ac4b-3982-453b-82d3-761c43554c84	Egor	Kostin	2005-01-06	
55ecfd6a-eea1-4740-8bf5-d7c11795f867	Danil	Eremenko	2014-04-02	
e9da74a2-502a-47a9-a7bc-a3ad45437ca9	Danil	Eremenko	2023-04-12	23705
f2e6ced0-f510-4f7c-b075-8281a944bd27	Egor	Prudnikov	2010-09-24	
b2551104-4c59-4a6e-b6aa-d115b2a41722	Dima	Lyadskiy	2018-11-03	57772
b39edf26-b7a0-4be1-a5cf-c5603ec22dbc	Egor	Eremenko	2002-03-15	55603
f2826e8c-8719-4cb0-b007-f6cfa3f930d2	Egor	Prudnikov	2032-10-07	56566
c7295526-f252-4ec0-a95e-66291a9fefcd	Dima	Prudnikov	2004-08-29	
0e4e5200-4031-411c-a1b6-db26171f1d2e	Dima	Lyadskiy	2026-12-13	
b57dc7e3-d138-4530-8595-fb47ab44d8f1	Dima	Eremenko	2019-11-07	
061e175b-e4fb-4063-b55b-1d3e217ea2b9	Egor	Kostin	2017-11-12	
8dd7fa0a-d734-4a32-8b5c-22c6c1333d75	Egor	Kostin	2007-02-15	
beff6654-4f84-4eef-8559-cbfcc71a588d	Andrew	Eremenko	2029-04-14	
b5e0f6cd-ddc3-408b-b1a1-755ca67d3a89	Andrew	Lyadskiy	2019-11-23	
1fd2285c-585e-4a1d-a297-ac3f1427d8d2	Danil	Lyadskiy	2004-08-23	
494fa3d3-f09f-4845-b8bd-19a898a1f2e5	Andrew	Lyadskiy	2005-06-06	42825
eaef69de-4f66-4373-8a41-6bcb9a55a3a5	Dima	Lyadskiy	2008-12-10	
27b5c5fe-4ced-4c82-a32e-d6272513b731	Dima	Lyadskiy	2027-12-16	61635
f92fa7d1-ee1b-4da1-a3b5-c29d03555300	Andrew	Kostin	2009-07-24	
ba4c766e-2800-4a59-be31-379530715a5c	Danil	Kostin	2022-08-16	
a624884c-6893-4c77-be41-d11dfa94c573	Egor	Kostin	2021-01-05	9702
6123dc5c-7b00-4f76-9e97-ab7f9bc48c1b	Danil	Prudnikov	2021-03-03	30021
84faa8d8-fde0-4b79-8379-8dc4fb92a4b2	Danil	Kostin	2003-08-09	5010
e456db0c-9a72-4288-8b5c-3946ad309612	Danil	Prudnikov	2015-02-07	12604
c459627c-1b6d-413d-b7d7-a806f9018d57	Andrew	Lyadskiy	2016-01-02	
a7670745-82e5-4d95-ab22-4cf738854dcb	Dima	Prudnikov	2020-09-29	33921
a60ed223-d188-4c44-ab53-98b3c57761fa	Andrew	Prudnikov	2001-09-10	
ba6ee0c4-698d-4095-a13d-d4a6249bf19e	Egor	Kostin	2005-02-03	15838
cde46987-aafe-461d-8643-c694312ecb46	Egor	Prudnikov	2012-10-31	
2d2fea77-7ba5-4232-9702-7562e4f4aa24	Andrew	Prudnikov	2022-03-10	10682
4ba11986-3021-4d0d-b9a3-04d50775f3c2	Dima	Lyadskiy	2022-06-28	
1fbe4cd9-dd4f-4435-bf9c-271180c92387	Andrew	Eremenko	2020-02-15	
66fa1bc6-17fc-4003-a621-bfb2d359c8b4	Andrew	Prudnikov	2003-06-26	8612
ef200930-f7a7-46a9-ae8e-ade42ea0650f	Andrew	Eremenko	2010-06-23	19848
8bc6da34-a3a3-46de-aa48-f849c01bf384	Egor	Prudnikov	2006-08-24	9775
7eab8e02-7e9e-40ed-ae49-f6327f5a98a0	Danil	Eremenko	2011-04-19	
3fa10468-49f9-4c3e-a170-a0d601a5b4a0	Dima	Kostin	2020-01-18	30453
ddb8572e-aa70-46bd-8b9e-6f9b0f0589c2	Egor	Eremenko	2025-02-20	5087
db4726b1-fda8-4439-b044-e2d0f57f35a0	Dima	Eremenko	2024-07-15	
5bc93031-0d6c-4c81-bb8a-5722e39e3384	Andrew	Prudnikov	2026-05-31	34770
e97ea45b-1a91-4436-81cb-2abcbf54fa7c	Danil	Prudnikov	2015-03-31	
7c9e4b18-2d56-4de6-a4ad-824e19523728	Dima	Prudnikov	2024-08-19	
4523e395-bb80-4415-9cb6-f113191c7f76	Dima	Kostin	2019-01-22	50737
f6a93aad-1677-45d8-883b-8e0173f4cb9f	Andrew	Kostin	2006-03-17	
7c4ba16e-750e-43ee-a7ec-9da416c74cee	Danil	Prudnikov	2032-07-02	
56a6db4d-d09e-44ac-b5b9-4383be679b0c	Danil	Eremenko	2018-01-17	26172
8a57b613-47c0-4041-8b74-c3b4c8cce0e5	Dima	Kostin	2004-11-01	54758
8f8691a3-af3f-4410-8f7d-2fb6fd96530f	Danil	Prudnikov	2011-03-06	
585de502-1aa6-4f42-b71d-c3eb40cc27f4	Dima	Lyadskiy	2008-04-16	46027
8fd47ef6-8058-4722-9b9a-bf228cd950b1	Dima	Eremenko	2004-02-08	11499
4f47ec6f-758c-4ec8-8cd5-df7c091136f2	Andrew	Kostin	2012-04-07	26604
bf2bbaf9-7771-4ad6-b11e-0d98c5019704	Dima	Lyadskiy	2010-08-08	
77516b2a-37e1-4d83-a7aa-8577be7aefa5	Andrew	Eremenko	2030-04-23	38268
868327ea-bb0a-4b86-a0da-b07d98a82e08	Dima	Kostin	2010-07-18	27444
409c3a3b-48b3-4523-a5a4-a23fe5f6f521	Andrew	Kostin	2032-11-30	52597
f34edf7b-65ad-4ba8-9f71-56c38131432d	Danil	Prudnikov	2031-06-08	56433
a65cdc09-17ff-47e3-8d7a-83d4fe6c9874	Egor	Lyadskiy	2011-08-18	28720
3e487815-defc-4eb6-960f-eb4d480f3d65	Andrew	Prudnikov	2028-02-01	12224
5859e04a-5def-48bb-a658-e3bbbcd1e6c3	Danil	Eremenko	2023-05-20	20279
05f79ed1-a145-49d0-bfa5-3bb02a0e47a7	Dima	Prudnikov	2028-01-27	
8cf4a733-5300-478d-a45f-7655731d2076	Dima	Eremenko	2032-04-19	55311
f9889b34-8c43-4f5f-b8ee-b1e713dcd4a6	Egor	Lyadskiy	2002-09-02	
b5f889dd-e8cc-4daa-9db1-2a4eab9a6278	Andrew	Eremenko	2006-01-02	7446
e030da10-23e9-4fae-adaa-4fa98ac4fdf5	Andrew	Eremenko	2007-06-17	
a2be1cd9-5b29-4bdf-9521-2a5b79802960	Dima	Kostin	2003-11-14	33871
1c39b992-8725-497d-ae09-08eb6c5ea4ac	Danil	Prudnikov	2020-12-05	
a183923e-e797-4c43-b467-3cbb6b00d6f0	Andrew	Eremenko	2002-12-16	51784
41c79321-18ec-4939-a874-9b0e09eaed7c	Danil	Eremenko	2008-11-16	43969
c7ba10fa-78c3-419d-8450-bf89007c444a	Danil	Prudnikov	2024-08-17	30875
81a35fe5-4f1e-49d7-ad4b-6482d4ebfd7d	Egor	Kostin	2006-08-23	
9196cfd5-cb6d-4b67-a7a8-3a19e07992c2	Andrew	Lyadskiy	2005-05-02	
e9027836-2480-4db5-9234-5a41b17e23d0	Dima	Prudnikov	2027-07-22	18264
354d0d47-6568-43b1-84ec-c92e64c5be97	Andrew	Kostin	2029-03-06	
a70407c9-826d-4d22-bf98-e275c0b92f1f	Dima	Kostin	2029-05-09	35107
8f5c0ee3-5cc9-45af-8e8a-3179bda37529	Andrew	Lyadskiy	2031-11-18	
693ec55e-254e-49fd-b90a-467de0a53bf5	Danil	Eremenko	2022-10-18	
0a4163e5-8486-40f0-9d9a-e73cb5aebc75	Egor	Lyadskiy	2003-08-04	17263
9ac65c01-27e5-48e5-a063-def0cf9e172d	Egor	Prudnikov	2015-10-25	44346
3fec0681-37f7-43ec-b75a-edf1718b0027	Andrew	Prudnikov	2024-12-12	32290
d611e284-653f-4c7b-b556-e2da5fb4988f	Danil	Prudnikov	2024-08-13	12800
acfb52c9-4c0e-48e3-a575-d304ecdaa231	Dima	Prudnikov	2019-10-18	
f4e800f6-f31b-40e6-9d96-4f41ce43b9d0	Andrew	Kostin	2019-11-01	20164
b71da932-d6af-422a-b3ba-4164e530f3d9	Egor	Lyadskiy	2026-02-11	
f1d93a44-5b29-40da-9d92-f9e2752fc22b	Egor	Kostin	2013-07-23	38311
4f62ec63-4b07-4700-9e5a-082b2a88f7c4	Andrew	Prudnikov	2023-12-29	27183
0e5bbec9-31de-40fc-84c6-8f882c071754	Andrew	Lyadskiy	2009-01-29	38417
7b8de850-744e-40b5-9082-f00959563bdb	Egor	Lyadskiy	2002-05-06	
211730c8-4b87-4801-bc1d-82a47036459a	Egor	Kostin	2021-06-17	
bd7d8e70-858d-431e-ab0d-bf6edd7bcf02	Egor	Prudnikov	2028-06-09	
393e7a81-9712-4812-985b-680bc7d1e78f	Dima	Kostin	2030-01-19	58543
f0bfc704-5c59-48c8-bc21-4c84b37ad48e	Andrew	Lyadskiy	2013-05-14	
cb444df4-d46d-4ad6-96c5-d0203a67fe4b	Dima	Kostin	2002-11-16	5632
bdc9243c-88a6-4bb9-b0d7-dc15d31057d9	Danil	Kostin	2014-02-19	9911
937e8a49-34bd-47d8-a056-04dfc59f8802	Egor	Eremenko	2014-11-29	
fde7d261-2051-4ce2-ad28-82c572bbbcff	Egor	Prudnikov	2032-11-04	30957
4bf14c25-7955-4a67-bbf0-572b99a21e3c	Andrew	Prudnikov	2021-11-19	12798
b61652bc-3d22-4071-a158-b9ca14cfcd60	Egor	Eremenko	2028-12-17	51650
1bfb1789-aed3-4855-8a35-387a928a68b0	Egor	Lyadskiy	2016-07-30	51406
f5487e7a-25b7-496a-8b35-d8d846c414d4	Andrew	Prudnikov	2030-09-16	
93da4dee-9958-4ad5-aa84-9c6ce3dd996a	Dima	Lyadskiy	2028-08-28	
188dfd91-3c72-4b33-af19-5c8b67c83448	Dima	Kostin	2011-11-24	39480
a6ea6f1f-4322-4b2e-958d-5b163b9708a1	Danil	Prudnikov	2014-10-14	42955
bde318c2-067d-448d-9f6b-aaacce00e8e9	Andrew	Prudnikov	2022-06-11	
014faedb-bb2c-480a-b9ed-5d81d531947f	Danil	Kostin	2024-04-20	17452
a57724fa-c17b-4b55-bb91-dd680eaafb03	Dima	Kostin	2029-08-11	64799
0dcdcd38-d6fc-46ab-9eb9-1cf913ccfb98	Danil	Prudnikov	2007-09-16	
f946ce44-3970-49c0-94d4-ea455f692313	Andrew	Kostin	2006-10-27	7137
1e203d8d-05f1-4dab-a165-c16681b14545	Danil	Lyadskiy	2005-07-10	7594
ea7b5b89-7fd8-4085-b19c-b45fbaa331fc	Dima	Kostin	2030-06-19	50760
4e6cafbf-b5d3-41b5-ae4b-9775af679372	Andrew	Lyadskiy	2015-03-08	
ebb8e974-d4e8-4e7f-8ea4-de182719084f	Danil	Kostin	2022-07-21	19062
9aa8c231-b44a-46f8-9445-7f27aa29d079	Danil	Lyadskiy	2024-05-25	12494
3e1a7104-8df7-4c80-abc2-5a9f671eb392	Egor	Kostin	2030-12-26	
f6b2761c-0010-4177-b395-3dde52d738dc	Danil	Lyadskiy	2006-02-15	
d3a554e7-1127-49ac-9989-7bf133e6284f	Andrew	Eremenko	2017-04-02	
cd66993e-0b8a-4528-88fb-744dd57e2b2a	Dima	Kostin	2007-11-04	41104
09e543aa-bd8e-4e72-8581-6f67ad3419c7	Egor	Kostin	2003-08-20	61060
d58e0338-89b1-455b-91a6-672800114eaf	Andrew	Lyadskiy	2023-08-21	14245
b1e4049e-c64d-48a4-b3db-4eb65d83a3fb	Dima	Eremenko	2009-01-06	
60ad0c05-b204-4471-b860-b3307790fa5c	Andrew	Lyadskiy	2025-12-05	
83cbd63d-35cc-4b9a-81e5-92c366ff1437	Danil	Eremenko	2011-12-20	35648
529e2c11-af85-455f-ac41-eaea8ce8ed92	Dima	Lyadskiy	2023-05-07	63862
cc16cbeb-ed80-483b-bec0-a25a86c09de2	Dima	Eremenko	2017-11-07	38286
48bd1411-8c2b-431f-a7f5-15041b66aeae	Egor	Eremenko	2013-05-05	
68ed0815-9e45-47ed-beef-c8dc17397f54	Egor	Eremenko	2007-09-13	
d713859e-7631-447c-a075-be9ef642316c	Dima	Eremenko	2016-01-26	
d2daaa76-0957-4bc8-a88c-4a3f42c8a94b	Egor	Kostin	2007-09-29	17787
79a1cb6c-f2f6-4837-8314-d563bd65519d	Danil	Kostin	2032-09-20	65188
60790f33-3911-464e-9bb8-ef423daf32a0	Egor	Lyadskiy	2025-12-19	
c87b529a-7369-4f91-8815-1633f438e00b	Andrew	Lyadskiy	2017-09-11	
f9bd0c1e-c12e-42c2-921e-c054d2ddbe76	Egor	Prudnikov	2003-06-01	49223
909e888d-b8e8-49c7-97d1-dde7beb59651	Dima	Eremenko	2004-10-28	
58a46465-219c-4a4d-b632-90e7ff369e50	Egor	Eremenko	2029-06-13	21733
edf5ee3c-d757-4ea3-b5ee-95fc39dbfb0a	Danil	Eremenko	2026-12-01	62121
c75d5894-424f-4737-91df-9f27da26465f	Dima	Eremenko	2003-03-31	58705
d983fbc6-5e9a-4c8e-9ead-e88531f80335	Egor	Lyadskiy	2010-12-21	
003411ed-99c1-4add-b639-cd91be2173de	Egor	Kostin	2019-04-21	30054
58ac0e79-942c-4d1a-b377-c6d6670d03a9	Dima	Eremenko	2022-03-05	29545
0407e9d4-0906-4422-9f95-3f17b9f45ccc	Andrew	Eremenko	2033-04-19	
ce005cdb-d8b3-439d-92c9-333c8d02a932	Danil	Lyadskiy	2014-07-16	
3c35bbba-18b8-41b1-8b35-ed16a2e966ff	Danil	Prudnikov	2030-11-20	
3da5d065-130b-4888-97e5-b43751eac898	Dima	Lyadskiy	2022-12-24	
e3bc875b-3b59-4705-9389-930535ed58a4	Dima	Kostin	2026-06-12	56159
17c998d9-a760-451b-b947-5011c4037394	Danil	Lyadskiy	2018-07-01	
e6da7ea7-55a0-458c-8f9b-f94e7e95559d	Dima	Kostin	2006-04-14	48741
ef0c024e-05c3-4077-8780-4f4817baf0db	Dima	Eremenko	2006-02-24	11791
f5396f9f-bb73-4427-aeb6-2006c9df749b	Egor	Eremenko	2023-04-05	
254c35e6-0b6a-41b2-be45-cd92eb4bd5b1	Andrew	Kostin	2008-08-03	6211
8273163c-2ee6-4c87-9674-2aebc5950252	Dima	Eremenko	2029-03-24	49816
52c382f3-a093-4a41-ba2f-a433c9bf66fc	Egor	Eremenko	2026-07-31	
423cd22d-6aea-4ba8-9da3-5cd3f2da1b99	Egor	Eremenko	2004-03-06	62726
fe169129-bf64-436f-9f5a-86676c05eb02	Dima	Prudnikov	2008-10-03	49126
6df209be-5b43-4384-ae7e-b216af7ce24d	Dima	Lyadskiy	2019-05-23	1050
c12536fb-c09f-45d5-aae9-5f575e742289	Danil	Eremenko	2030-04-30	
d4013510-1ab5-4b89-907a-112ac9fb93fd	Andrew	Eremenko	2016-03-18	40573
ec39dfdc-153b-45c3-88a3-5dbebdaafe4f	Dima	Kostin	2003-01-30	
16612487-376c-4fa2-adcb-8913d281aa1c	Andrew	Lyadskiy	2004-08-18	
575bf18a-8873-4efc-bd33-6a3c54a936bc	Andrew	Kostin	2011-05-26	
d9f2ab24-6f70-4c14-8989-ed3147d68ed8	Andrew	Kostin	2030-09-08	
bed33b02-bc15-4e7e-bc59-63d0cea52437	Andrew	Prudnikov	2007-06-29	58206
f0246998-d7af-4f01-bffb-bb460f7f4b6f	Andrew	Kostin	2028-06-06	
382a56c8-f7fa-443a-a933-783c8b36df19	Egor	Prudnikov	2022-09-05	18527
4402a21d-dbde-430a-9c27-d5bc4313fdc2	Andrew	Lyadskiy	2018-09-20	
52ee1228-2681-4407-9f22-533705411ba2	Egor	Kostin	2021-11-09	58214
bb2febe8-a3b2-46c5-8579-b85dc4d7cf54	Egor	Lyadskiy	2024-07-15	
c4ea0908-41e5-480f-ab07-478ed1db9d63	Dima	Eremenko	2022-06-01	9346
bd06de00-c380-4df1-a23b-c0961452f0a5	Danil	Prudnikov	2010-01-22	
49cefa27-408f-430f-bc05-f27b5a78f310	Danil	Prudnikov	2013-10-20	37547
6f67b870-0ef9-4a96-9a18-4e286eb4cd04	Danil	Kostin	2026-09-23	
c17b0c0d-674c-4224-ab09-004c13c031f4	Andrew	Prudnikov	2029-02-02	32190
57216f46-9964-4c68-846d-d0f80c8be407	Dima	Prudnikov	2005-09-04	
9778ef9b-44c4-4d7e-bab7-36c791470069	Danil	Kostin	2023-11-24	55604
817cafca-2f0d-4bfc-8ba3-dee1ad0aa739	Egor	Kostin	2027-03-24	
c3d40fe5-07c4-4fb1-9d30-8d1424e0d709	Dima	Eremenko	2006-04-17	
72a1d088-5581-43a0-85cd-120d17975aef	Danil	Eremenko	2010-07-31	64963
91cd72e6-9a91-4a32-9ece-73a92ee3a3b4	Dima	Lyadskiy	2033-04-17	
cea55358-8405-402a-ade0-71558e91700f	Dima	Prudnikov	2014-11-27	22009
feda48af-a69f-413b-8307-6c89c5ed5312	Danil	Eremenko	2024-10-29	49828
604cca93-996e-4d43-9843-83243160384d	Egor	Eremenko	2030-10-14	
30d3871b-4efc-4cc7-8e51-ceedfdea3fec	Danil	Kostin	2029-06-27	25996
e641bf6c-8863-4467-8b1e-39ef1f6392c5	Egor	Prudnikov	2027-07-23	36520
c20b6661-1f43-43c0-9fb7-34ddd025a33d	Dima	Prudnikov	2033-03-24	
d3c68830-8703-4712-b7bb-9dc0c4a88809	Dima	Prudnikov	2006-12-12	59666
7f37e7e5-19de-4789-83a0-12784e8e8624	Dima	Prudnikov	2005-03-17	37230
bff337ac-4954-496d-9431-4a822985889c	Egor	Prudnikov	2020-10-14	51775
6ac55262-3426-4c70-aaed-aeb5f732de2f	Andrew	Lyadskiy	2009-07-27	
6be51ca9-8f1e-429d-8d64-888154b6032f	Danil	Eremenko	2014-12-25	7677
efa82218-6b81-47c4-9e9f-25fe8bf6765e	Dima	Eremenko	2030-07-26	55436
70c5a7dd-b179-497c-87ae-6723ad540dbc	Egor	Lyadskiy	2004-02-14	11369
75537ad8-f793-4dfc-971f-8412f5cac5e8	Andrew	Lyadskiy	2021-03-29	14509
76b6ef9c-4aae-4ca0-92be-10641ea7dad7	Egor	Eremenko	2024-09-14	39024
20e33125-dc54-4968-9009-66d3064b78a8	Andrew	Kostin	2018-11-03	50124
f675f4b9-c7e3-41bb-9e2f-7835f1b49775	Andrew	Eremenko	2021-10-16	
531afdfd-c953-4466-815f-5b028db671bc	Dima	Lyadskiy	2017-05-23	
03216437-2f49-4b15-9d63-b4b91fcd36c3	Danil	Eremenko	2012-09-09	26005
ff9ff7ca-fcce-4e4e-aac2-74eb752dd7e6	Dima	Prudnikov	2003-05-30	
48a00a76-2878-4fba-a39a-1753c5d8cf9f	Dima	Prudnikov	2006-08-13	
afb5b091-3a53-4e96-92f6-e2df4cf66e3e	Dima	Eremenko	2025-08-14	
2e925117-2290-4788-a602-bc1b58c96832	Danil	Prudnikov	2019-04-30	
e2970a48-09f9-4eed-8ab5-612be6cb5923	Egor	Kostin	2014-03-21	
64d617cb-b87c-44b0-be30-b98fb164902e	Egor	Kostin	2015-02-23	10291
807f2e0b-9b0a-4c1d-bb35-b83bb5f9cdd6	Andrew	Eremenko	2022-01-21	
b6305071-9672-4163-b9ba-04901077c8cf	Egor	Lyadskiy	2026-02-05	63973
cc154991-d051-47bd-8aca-82e53e4c3403	Danil	Prudnikov	2032-11-19	
9e906c91-e72d-4842-b8fc-640bbce02f3b	Danil	Eremenko	2024-06-23	
1ea1e263-2e2f-44fb-a793-32aad1d48ee2	Andrew	Kostin	2011-08-09	40781
ce33ebd0-b65f-41dc-aa60-9c65dc1950f1	Dima	Kostin	2018-11-19	45096
2ad7c796-a382-4501-9a95-489bb50bfe74	Andrew	Prudnikov	2018-06-08	39787
aa183e86-93b1-469b-a3f4-db32dd2c1112	Dima	Kostin	2026-06-06	
71f6d92a-d188-48ce-8acf-c3d8fef0a026	Danil	Lyadskiy	2013-03-07	
6172185c-e8c0-41ac-8286-0bbe5faf6da1	Dima	Prudnikov	2022-03-28	49769
d0c8f442-2305-4137-a753-c86e05bd4f9f	Egor	Eremenko	2025-11-10	32763
bb593be4-eba7-4d2c-9a7e-600442b3c8a2	Dima	Lyadskiy	2028-04-27	12371
163705d7-59a6-4361-a292-1f06f51bd7aa	Andrew	Prudnikov	2023-02-09	15325
d1089363-0722-49ba-8b52-a9ff862ea994	Andrew	Eremenko	2015-04-13	
560e9cb4-b27c-4b85-9942-d65731b8bfd0	Dima	Prudnikov	2009-03-25	12995
1544e4a1-3cf5-4e4a-95f2-98f495dd3a56	Andrew	Eremenko	2029-03-31	
b73b217a-5b95-4f7d-bd08-d98c8780eddf	Andrew	Eremenko	2028-12-04	
f711e9b7-6ada-4dfc-9c04-f1e5d19071fd	Andrew	Eremenko	2024-02-18	
94989dfb-b189-4c08-b935-408f794f20a8	Andrew	Kostin	2022-10-15	39925
02927374-b293-4b16-8bd7-b041adf2f461	Danil	Eremenko	2033-04-19	30658
524eaa22-7a91-4c3a-a224-9a4eba9849ae	Dima	Lyadskiy	2025-11-21	
6b4b1444-c841-4e49-95be-b6fbdf72749a	Danil	Eremenko	2020-12-03	31637
f50a082f-d7b8-4202-b242-50ae5a1c01cc	Dima	Eremenko	2009-06-03	
a72d4a77-ee9c-48c0-8242-d0eff55d6259	Andrew	Eremenko	2004-06-10	
39933bf5-4830-41bb-a6c7-bab428176eeb	Dima	Lyadskiy	2002-08-12	41241
d5665e4d-693d-44a3-a51e-b5098a5b816c	Dima	Kostin	2025-03-21	48554
d06e55e3-7caa-42c6-a0eb-20c159ebc0b4	Danil	Lyadskiy	2005-08-25	
2ed65174-99a2-4f7d-a918-acc80f73c2d3	Andrew	Prudnikov	2014-09-16	
290a56ab-ac51-4912-99c3-da2e078d8a75	Dima	Eremenko	2017-08-15	
ce2f0f0a-318c-42a5-9c04-9ebb8d5d4353	Egor	Eremenko	2007-03-15	
94e0b065-0942-4124-81d1-0791d30360cd	Danil	Prudnikov	2014-09-11	
7a0f533e-168e-49e2-bacc-09a1fde5c805	Andrew	Kostin	2007-09-12	
41bd84ca-59de-44c8-b554-575d6c9c8cba	Dima	Kostin	2022-05-08	47870
98de50ed-b082-4a79-9a9c-e21fc99ef4f6	Egor	Prudnikov	2025-10-17	
b2a3f95e-94ac-4c7f-958b-d9980956c561	Egor	Prudnikov	2028-03-29	21546
6e771f3a-41ba-4909-b6e4-9340773601e2	Andrew	Prudnikov	2017-02-01	34913
e6fdc4df-7a62-4eab-be13-35fc05ccbe02	Andrew	Lyadskiy	2029-07-09	
4e0dd991-c65f-435a-b353-8919bee7d394	Egor	Lyadskiy	2015-05-28	
ed845164-0882-4dad-ae54-ebdad6b97efb	Danil	Eremenko	2011-07-11	
008d706f-94ef-4c41-b825-849520e15ef1	Danil	Prudnikov	2015-06-09	20286
eaf9a31c-037a-404c-9f12-7a1201ace9c5	Egor	Lyadskiy	2019-01-12	23984
8880c80a-cac3-4a76-9280-eb30249864f2	Dima	Lyadskiy	2013-03-03	
1a143947-cc92-488f-a22f-b0bf46668142	Andrew	Eremenko	2029-04-24	
80b79d9d-eb8f-422d-8b27-b865451d1a82	Andrew	Prudnikov	2004-12-12	
825cc5b0-ab2d-4841-a6c7-fc17022abffe	Dima	Eremenko	2026-07-19	
115429d7-21e7-4da5-9128-41a32df2126f	Andrew	Prudnikov	2022-11-19	
3fdea4ad-c6ae-481c-bcca-c85d1761617f	Dima	Lyadskiy	2031-07-29	19021
bf2631b2-e4b8-4529-9f09-55572d3330f3	Egor	Eremenko	2022-10-01	
73478be1-1b3e-40c9-9d38-b66cc14732d5	Danil	Prudnikov	2005-03-14	955
9d5eebb9-022c-4d36-a991-013ac55aa9c2	Dima	Prudnikov	2022-06-29	1665
ff2dea63-f204-4c37-9ddc-c4e59abcc830	Danil	Eremenko	2019-01-09	29659
d0f706ae-224e-4ff8-b8e5-3630f4534ac8	Andrew	Prudnikov	2011-04-23	
906ba861-a3c9-4369-8b31-99f68eadb9d1	Egor	Eremenko	2024-03-27	16567
9fb4fe90-31d6-4f0a-bbb6-ca1e28908d2f	Dima	Lyadskiy	2019-06-20	45952
e564eea7-3dac-4ea4-941d-633597b05dbb	Danil	Prudnikov	2030-08-28	23668
5cfdd163-40cc-47be-bc46-ac83fc6a093a	Andrew	Eremenko	2018-04-25	34660
655c9bf4-2169-49f4-9b4f-73dd744c6a21	Danil	Eremenko	2005-07-17	46621
4d6df50d-875e-415d-aa1e-33b5921dc776	Egor	Lyadskiy	2025-05-24	
361216c1-250b-418d-aa8c-0a6dda18c2ad	Dima	Kostin	2003-09-03	13666
3133be5c-42ca-4bdb-b886-6405a0a075f0	Danil	Kostin	2027-09-10	47113
272960a5-5335-4884-8e3b-a6c036192c93	Egor	Kostin	2021-02-22	37690
9114d7ef-9e7a-4197-80d6-7765871f4b7a	Danil	Prudnikov	2009-04-05	9096
dfc37bdc-beb8-41cf-b01a-199a5f7b03e9	Egor	Kostin	2009-10-15	53426
5abb2599-edb2-442b-85bf-fb93c68bbd9f	Danil	Eremenko	2003-09-06	
e395b5eb-ed3a-4878-ac11-31e6e13863aa	Egor	Lyadskiy	2028-10-22	
4c262ce1-9246-4a80-9bb4-08c555ef2902	Egor	Kostin	2022-01-02	
aeeddc96-4805-4150-8f8f-49d83d8c02b5	Egor	Lyadskiy	2029-02-26	
96631d2a-fb36-48bb-8650-7b63bfbe4546	Andrew	Kostin	2027-12-18	38970
116d9116-a40d-4ea0-87cd-d17176909e3f	Egor	Kostin	2010-01-29	28219
1813bfee-9c28-479c-9346-17a1cc9bbb5d	Andrew	Kostin	2015-06-01	50328
676a1184-c7fa-4a68-a64f-b09ef405ddc4	Andrew	Prudnikov	2029-11-28	
ab0fad82-4053-4d4f-9fd4-8987fa44b378	Andrew	Eremenko	2016-01-29	39138
c5aa3fcb-50e7-4093-af80-c5c37e2c44c4	Dima	Prudnikov	2023-12-05	
129c0706-5a8a-41c4-84fc-0665cfbb7a51	Danil	Prudnikov	2009-07-31	5620
ffd364a6-75a7-4e2a-8e8d-54e04481357f	Dima	Lyadskiy	2017-09-03	
3c22a7d5-9a9d-407d-936b-3e7a10c489f8	Dima	Kostin	2018-04-24	
dcf9b06e-cdda-4533-b0e8-5adbbd82fc72	Dima	Lyadskiy	2010-01-20	
c9c9078d-7e41-4145-9f7b-e88b4070c045	Danil	Eremenko	2002-06-08	40277
d6e07021-12ff-42c4-b1da-e6f1be0747fb	Egor	Prudnikov	2026-09-23	
dd8869fb-7c5e-404b-acda-d8211750fe0b	Egor	Kostin	2027-01-31	
80d89a1f-09ab-4a3c-b360-272691536006	Andrew	Prudnikov	2022-07-13	
efb6eefd-b8ea-471d-b928-0fa13eccb027	Danil	Prudnikov	2011-12-12	
6ff60e2e-ad37-4392-9d41-b8257d4de3e7	Andrew	Prudnikov	2001-10-26	19965
5bab50d6-80ae-4c00-89ea-72bdab827fd7	Dima	Prudnikov	2011-01-06	
0b08108e-da40-4fc4-8694-f93bbe1705ee	Danil	Prudnikov	2005-12-17	32806
e60c60a7-4866-44df-b73a-b3724c62e023	Andrew	Kostin	2002-06-09	16431
6870b724-5122-45b1-ae35-5843ed86f394	Danil	Eremenko	2030-08-23	
0ef5ca13-3ed4-4e12-93dd-12c2c891464e	Andrew	Lyadskiy	2002-04-10	
89b67a20-b410-45ac-9eb2-20f3cc759edf	Andrew	Lyadskiy	2010-08-22	2593
ae821580-ff51-41de-ac09-14fe4e054040	Dima	Lyadskiy	2021-09-26	48918
06d44293-f1c3-4e03-8d5e-eba0bd9449aa	Andrew	Kostin	2006-12-02	31567
6e9f8ed4-b2c4-47f1-be3d-84b81170b6f3	Andrew	Kostin	2005-11-09	46567
c9d94fa9-f300-45cf-9107-b5f578694c18	Dima	Lyadskiy	2008-12-05	60261